"ID","E1","E2","E3","E4","E5","E6","E7","E8","E9","E10","N1","N2","N3","N4","N5","N6","N7","N8","N9","N10","A1","A2","A3","A4","A5","A6","A7","A8","A9","A10","C1","C2","C3","C4","C5","C6","C7","C8","C9","C10","O1","O2","O3","O4","O5","O6","O7","O8","O9","O10","age","gender","country","source","E_mean","A_mean","C_mean","N_mean","O_mean"
1,3,2,4,3,5,2,4,5,1,3,4,3,4,1,3,2,4,3,3,4,2,4,1,5,2,4,1,3,4,3,2,4,3,2,1,4,3,2,3,4,4,3,3,2,2,2,4,3,5,3,21,2,"PT",2,3.2,2.9,2.8,3.1,3.1
2,4,1,5,4,2,3,4,3,4,3,3,4,3,1,2,2,1,1,4,1,5,4,1,5,2,5,1,4,5,3,4,3,5,2,3,3,4,2,4,3,2,3,5,1,4,1,3,2,4,5,19,1,"US",1,3.3,3.5,3.3,2.2,3
3,3,3,3,3,4,2,2,3,5,5,4,4,3,4,4,4,4,4,4,4,4,3,2,5,2,5,3,4,5,4,2,5,2,5,2,4,4,4,4,5,2,4,3,3,5,2,3,3,4,4,29,1,"IN",1,3.3,3.7,3.7,3.9,3.3
4,2,2,4,4,5,1,3,4,3,3,3,2,4,3,2,4,1,1,2,2,1,5,1,5,2,4,3,4,4,5,4,1,4,1,4,5,5,1,4,4,5,1,2,2,4,2,4,3,5,4,38,2,"US",2,3.1,3.4,3.3,2.4,3.2
5,3,3,4,3,4,2,1,4,4,2,5,4,5,5,2,4,1,2,3,3,3,4,1,4,1,5,1,4,5,5,5,4,5,4,3,1,1,2,4,5,4,1,4,1,3,1,4,2,2,2,37,2,"TR",1,3,3.3,3.4,3.4,2.4
6,5,1,4,3,2,3,3,3,4,2,1,3,3,2,3,2,3,3,3,4,1,3,3,4,3,2,2,3,2,3,5,3,2,3,2,3,4,2,3,3,2,3,2,3,4,4,2,3,3,3,13,1,"US",5,3,2.6,3,2.7,2.9
7,2,2,2,4,5,2,2,5,2,5,2,5,1,5,1,2,3,2,1,2,4,2,5,2,4,2,3,2,1,3,2,4,2,4,3,4,4,2,1,4,4,2,4,2,4,2,4,4,5,5,15,1,"US",2,3.1,2.8,3,2.4,3.6
8,1,5,1,5,1,5,1,5,1,5,5,3,5,2,4,5,3,4,5,4,1,5,3,5,1,5,1,5,5,1,4,3,5,3,1,5,4,1,4,5,4,4,5,5,2,2,4,4,5,2,24,2,"US",3,3,3.2,3.5,4,3.7
9,3,2,5,1,5,1,4,2,4,2,1,3,3,2,2,1,2,2,1,2,2,5,1,4,5,3,1,5,5,4,4,2,5,1,4,1,4,3,3,5,5,1,4,1,5,1,5,4,5,5,21,1,"US",1,2.9,3.5,3.2,1.9,3.6
10,1,4,1,5,1,5,1,5,1,5,4,5,5,3,2,2,4,4,2,2,1,3,1,5,2,3,1,2,4,5,4,5,5,5,2,5,4,3,4,2,4,1,5,1,5,1,4,4,5,5,15,2,"US",5,2.9,2.7,3.9,3.3,3.5
11,1,5,1,5,1,4,1,5,1,5,5,1,5,3,5,5,5,5,5,3,3,3,4,2,4,5,4,3,4,5,4,5,5,4,3,5,4,5,2,4,5,4,4,3,5,1,5,5,5,3,19,2,"(nu",5,2.9,3.7,4.1,4.2,4
12,5,1,5,1,5,2,5,3,3,2,4,2,4,4,3,4,4,3,3,3,4,4,3,4,1,5,1,5,5,5,3,1,3,2,3,3,3,1,2,3,4,3,3,2,4,2,5,2,4,4,22,2,"IN",2,3.2,3.7,2.4,3.4,3.3
13,1,5,2,5,1,4,2,5,1,5,4,2,4,2,4,4,5,5,4,4,4,2,3,2,4,4,5,2,2,1,4,4,3,4,1,4,4,5,2,5,5,1,5,1,5,1,5,5,5,5,27,1,"NO",1,3.1,2.9,3.6,3.8,3.8
14,3,2,2,4,2,5,1,3,3,4,2,3,4,4,5,4,2,3,4,4,4,2,3,4,4,4,3,2,4,4,3,4,3,2,4,3,4,4,3,3,1,4,5,3,4,2,4,3,4,4,27,1,"IN",1,2.9,3.4,3.3,3.5,3.4
15,2,3,3,4,3,2,1,4,2,4,3,4,4,2,3,2,2,2,3,4,1,4,1,4,2,4,2,3,4,3,3,4,4,2,1,2,4,3,3,3,4,1,5,1,4,1,5,4,4,4,23,1,"US",1,2.8,2.8,2.9,2.9,3.3
16,1,4,1,4,2,3,2,1,1,5,5,1,5,1,5,5,5,5,5,5,1,2,1,5,1,5,2,5,5,3,3,1,3,3,5,1,5,3,2,2,2,4,3,3,4,3,3,2,4,3,54,2,"US",4,2.4,3,2.8,4.2,3.1
17,4,1,4,1,4,2,4,1,5,3,4,4,4,4,2,3,2,2,4,2,1,5,2,5,1,4,1,5,4,4,4,4,4,3,4,3,4,2,4,3,4,3,5,3,5,2,4,2,5,4,21,2,"US",2,2.9,3.2,3.5,3.1,3.7
18,1,4,3,5,4,2,1,3,1,5,2,5,1,2,1,1,2,1,1,2,4,2,1,4,2,2,5,1,3,5,4,1,4,1,5,1,4,5,5,4,1,1,5,1,4,1,4,2,4,4,23,2,"US",2,2.9,2.9,3.4,1.8,2.7
19,1,4,4,3,3,3,2,3,4,5,4,4,5,3,5,2,3,2,5,3,1,4,1,4,2,4,1,4,4,4,4,1,5,2,4,2,5,3,5,4,5,3,5,1,4,1,4,4,5,5,17,1,"US",5,3.2,2.9,3.5,3.6,3.7
20,4,1,5,2,4,1,5,3,3,4,1,5,1,5,3,3,2,2,2,1,1,5,3,5,1,5,1,5,5,5,3,3,4,2,2,3,3,3,2,3,2,2,5,1,4,1,4,2,3,5,19,2,"US",3,3.2,3.6,2.8,2.5,2.9
21,4,1,5,1,5,1,3,2,4,3,3,3,3,5,3,2,2,1,3,4,4,5,3,3,3,3,3,2,3,3,2,4,3,2,3,4,4,4,3,3,1,1,5,1,4,1,3,2,2,4,17,1,"US",5,2.9,3.2,3.2,2.9,2.4
22,4,5,2,4,2,4,2,4,2,4,2,2,3,2,2,2,2,3,2,2,4,2,4,2,4,3,4,2,3,4,4,2,5,3,4,2,4,4,2,4,4,1,5,1,4,1,5,4,4,5,25,1,"IN",1,3.3,3.2,3.4,2.2,3.4
23,4,5,3,4,2,1,1,5,1,5,5,2,5,2,4,5,3,1,5,2,4,5,2,5,1,5,1,5,4,5,2,5,4,5,2,4,4,2,3,5,3,2,5,1,3,1,5,4,5,3,26,2,"DK",1,3.1,3.7,3.6,3.4,3.2
24,3,4,1,4,2,5,2,5,5,5,3,3,5,5,4,5,4,5,4,5,1,4,2,5,4,5,4,5,5,2,3,1,2,4,3,3,2,4,4,4,4,5,4,4,5,2,2,3,5,4,17,2,"IN",1,3.6,3.7,3,4.3,3.8
25,5,4,2,1,3,2,4,3,4,2,3,4,3,5,2,1,2,1,1,1,1,5,1,5,1,4,1,5,5,5,5,2,5,1,5,1,5,3,5,4,3,3,4,2,5,1,5,1,5,5,33,2,"US",5,3,3.3,3.6,2.3,3.4
26,4,2,4,2,3,2,4,2,5,3,3,4,4,3,5,4,5,5,5,2,4,3,4,4,4,4,2,3,4,3,2,2,5,4,1,5,4,4,1,3,4,4,5,3,5,1,5,5,4,3,16,2,"NO",1,3.1,3.5,3.1,4,3.9
27,3,3,3,4,2,3,2,2,3,5,2,4,3,3,5,3,1,2,4,4,2,3,2,4,3,4,3,4,4,3,3,2,4,2,5,3,3,2,4,3,3,3,4,3,3,1,3,2,4,3,17,2,"PH",2,3,3.2,3.1,3.1,2.9
28,4,1,4,2,5,1,5,3,4,2,5,2,5,3,4,5,4,4,5,4,1,4,2,4,1,4,2,4,4,3,5,3,4,2,2,2,5,2,5,5,2,3,2,4,4,5,4,1,4,4,17,2,"US",1,3.1,2.9,3.5,4.1,3.3
29,3,2,4,2,5,2,5,3,3,2,2,4,4,4,1,2,2,2,2,2,1,5,2,5,1,5,1,4,5,5,4,2,4,2,4,1,4,1,4,3,5,1,4,1,3,2,4,4,5,4,56,2,"US",1,3.1,3.4,2.9,2.5,3.3
30,2,3,4,2,4,2,3,2,4,4,2,4,4,4,2,2,4,1,2,2,1,5,2,4,1,4,1,2,5,4,4,2,4,4,4,2,4,2,4,5,5,2,5,1,5,1,4,5,5,5,49,2,"IM",1,3,2.9,3.5,2.7,3.8
31,5,1,5,1,5,1,5,1,5,1,1,5,1,5,2,1,1,1,1,1,1,5,2,5,1,4,1,5,5,5,4,2,4,1,4,1,3,2,4,5,4,1,5,1,5,1,5,4,5,5,18,1,"US",1,3,3.4,3,1.9,3.6
32,1,4,1,5,2,2,1,5,1,5,5,1,5,1,3,5,5,5,5,5,1,5,2,5,1,4,1,4,5,1,1,2,4,3,1,3,4,2,1,1,4,2,5,1,2,3,4,4,4,4,15,2,"US",1,2.7,2.9,2.2,4,3.3
33,2,4,3,2,3,4,1,4,5,5,1,4,3,4,1,3,1,1,2,3,3,3,1,3,3,3,3,3,3,3,3,2,3,5,3,5,3,3,3,4,4,1,5,2,4,1,5,5,5,5,36,2,"PR",1,3.3,2.8,3.4,2.3,3.7
34,1,1,2,1,1,1,1,1,1,1,2,4,2,3,3,1,3,1,2,1,1,2,2,2,2,3,4,3,2,2,4,1,5,2,2,3,5,3,2,2,3,4,3,5,2,4,3,3,2,2,15,1,"CA",5,1.1,2.3,2.9,2.2,3.1
35,3,2,4,3,4,2,3,3,3,2,2,4,4,5,4,2,4,4,3,3,4,2,2,3,4,3,4,3,3,3,4,3,5,3,3,3,4,4,3,4,2,1,5,1,3,1,3,4,3,5,21,1,"TR",5,2.9,3.1,3.6,3.5,2.8
36,3,3,4,2,4,2,4,3,4,3,4,3,4,2,3,3,2,2,2,2,3,4,1,5,1,4,2,5,4,4,4,2,4,2,2,2,4,3,2,3,3,2,4,2,3,2,4,2,4,3,20,2,"US",5,3.2,3.3,2.8,2.7,2.9
37,3,2,3,3,3,1,3,3,2,3,2,4,4,1,1,2,5,4,2,5,1,5,2,5,2,2,1,5,4,4,4,2,5,2,2,2,3,2,3,5,5,1,5,1,4,1,5,4,5,5,23,2,"AU",1,2.6,3.1,3,3,3.6
38,1,1,5,4,4,4,5,5,5,2,5,4,5,3,4,1,4,1,1,4,5,5,1,4,1,5,1,4,5,4,5,2,5,1,5,1,5,4,5,5,3,4,5,5,4,2,4,2,3,4,34,2,"AU",1,3.6,3.5,3.8,3.2,3.6
39,4,2,5,3,5,1,5,2,4,2,2,5,3,3,1,3,4,4,2,2,3,4,1,3,4,3,2,3,3,5,3,5,5,5,3,5,1,3,1,3,5,2,4,2,5,1,5,2,5,5,25,1,"US",5,3.3,3.1,3.4,2.9,3.6
40,3,1,5,1,5,1,5,1,5,4,4,5,3,5,4,4,4,3,5,1,2,5,4,3,3,1,1,4,3,4,1,4,5,1,2,4,3,4,1,5,5,1,5,1,5,1,5,5,3,5,18,1,"TZ",1,3.1,3,3,3.8,3.6
41,4,3,4,3,3,2,4,2,5,4,3,4,4,3,2,3,4,3,3,2,1,4,2,4,2,4,2,4,3,3,4,4,4,3,2,4,3,3,4,2,5,2,5,2,4,1,4,5,3,4,17,2,"CA",1,3.4,2.9,3.3,3.1,3.5
42,4,3,4,3,5,3,1,3,4,3,5,3,5,3,3,3,4,4,4,4,1,3,3,5,1,4,4,4,4,4,4,1,5,1,4,1,5,3,4,4,5,4,3,2,3,1,4,4,3,5,19,2,"US",2,3.3,3.3,3.2,3.8,3.4
43,1,3,5,2,5,2,2,4,1,2,4,4,4,5,1,2,2,1,2,1,1,3,1,5,1,5,2,5,5,5,5,1,4,1,5,1,5,1,5,5,5,1,3,3,4,2,5,4,2,4,14,2,"AU",1,2.7,3.3,3.3,2.6,3.3
44,2,4,2,4,4,4,1,4,4,4,2,4,4,4,4,4,2,1,4,4,2,4,4,4,1,4,1,4,4,4,2,4,4,4,2,4,4,4,4,4,2,2,4,2,4,2,4,1,4,4,22,1,"GB",1,3.3,3.2,3.6,3.3,2.9
45,1,5,2,5,1,5,1,5,1,5,2,4,3,5,2,1,1,1,3,1,3,4,1,3,2,3,3,2,1,2,4,1,4,1,5,1,5,1,4,3,4,4,1,5,4,5,5,4,4,4,15,1,"CA",1,3.1,2.4,2.9,2.3,4
46,3,1,5,1,5,1,5,2,5,3,2,4,5,3,3,5,5,4,3,3,1,5,1,5,1,5,1,5,5,4,4,3,5,2,5,2,5,2,4,3,3,3,5,3,5,1,5,3,4,5,39,2,"US",4,3.1,3.3,3.5,3.7,3.7
47,2,2,2,4,2,4,3,4,2,4,4,2,3,3,3,3,4,2,3,3,3,3,3,4,2,3,3,3,3,3,2,4,3,4,1,4,2,3,2,1,5,1,5,1,5,1,5,5,5,5,41,1,"US",1,2.9,3,2.6,3,3.8
48,4,1,5,2,5,1,5,3,4,1,2,3,1,5,2,2,1,1,1,1,1,5,1,5,1,5,1,5,4,4,3,4,4,2,3,4,3,1,4,4,4,1,4,3,4,1,5,2,3,5,46,2,"US",1,3.1,3.2,3.2,1.9,3.2
49,2,3,4,3,4,2,2,3,4,4,4,3,3,2,4,2,2,4,3,2,2,4,3,3,3,3,3,4,4,3,4,4,4,1,2,4,4,1,3,4,5,3,2,2,4,3,4,4,4,3,29,2,"(nu",5,3.1,3.2,3.1,2.9,3.4
50,4,2,4,2,4,3,2,3,5,5,2,4,4,3,2,1,2,1,1,3,1,5,1,5,2,3,2,5,3,4,4,4,4,2,2,4,3,1,4,4,4,3,4,1,5,1,4,4,5,4,22,2,"KR",1,3.4,3.1,3.2,2.3,3.5
51,2,4,2,5,2,4,1,4,1,5,3,4,4,2,4,2,4,3,2,4,1,5,2,4,1,3,2,5,3,3,5,1,4,2,4,1,5,3,4,4,2,2,2,1,2,4,4,2,4,2,18,2,"US",4,3,2.9,3.3,3.2,2.5
52,2,1,4,3,5,1,4,3,5,3,3,4,2,5,5,3,2,1,4,1,1,5,3,4,1,3,1,3,3,5,4,4,4,2,2,3,4,2,4,5,3,4,5,2,5,4,3,4,5,4,64,2,"GB",1,3.1,2.9,3.4,3,3.9
53,2,3,3,4,4,3,1,3,2,4,3,4,4,4,3,4,3,1,3,3,3,3,2,4,3,5,3,3,3,2,2,3,4,2,3,4,4,2,3,4,4,1,4,1,5,1,5,4,5,5,39,1,"SK",5,2.9,3.1,3.1,3.2,3.5
54,2,1,5,3,3,1,4,2,4,2,4,3,2,1,2,1,1,1,1,1,4,2,1,2,2,2,2,2,2,2,2,5,2,5,1,5,2,3,2,2,3,1,2,1,4,4,5,4,4,4,37,1,"RO",1,2.7,2.1,2.9,1.7,3.2
55,3,3,1,4,5,1,5,2,3,1,1,5,4,2,1,3,1,1,2,1,4,4,1,4,1,3,1,4,3,4,2,2,4,3,4,2,1,3,3,3,4,3,4,2,4,2,3,3,2,5,14,1,"US",1,2.8,2.9,2.7,2.1,3.2
56,3,3,3,3,3,4,1,5,3,5,5,2,4,1,4,3,5,4,5,4,1,3,4,4,2,5,3,4,4,3,1,5,4,4,1,3,4,4,4,2,4,1,5,1,3,1,5,5,5,4,20,1,"GB",1,3.3,3.3,3.2,3.7,3.4
57,1,3,3,4,3,2,2,3,3,4,4,4,4,4,3,4,2,3,4,3,2,2,2,4,3,3,3,2,3,3,2,5,4,4,1,5,3,5,2,3,4,2,4,2,3,3,4,5,3,3,24,2,"BG",1,2.8,2.7,3.4,3.5,3.3
58,1,3,4,3,4,3,1,3,2,4,4,3,5,1,3,5,4,4,4,5,1,3,4,5,1,4,3,4,5,1,3,3,4,4,4,2,4,3,4,3,4,2,5,2,2,1,4,4,5,4,17,1,"US",3,2.8,3.1,3.4,3.8,3.3
59,5,1,5,2,5,1,5,2,4,2,3,4,3,4,2,3,2,2,2,2,1,5,1,5,1,5,1,4,5,5,4,1,5,1,4,2,4,2,3,3,4,2,5,2,4,1,5,4,4,4,41,2,"NL",2,3.2,3.3,2.9,2.7,3.5
60,3,2,5,2,4,2,4,3,3,3,4,3,3,4,1,2,1,1,2,1,1,5,2,5,5,5,1,5,5,3,3,5,4,2,2,4,3,1,4,3,4,2,2,2,3,4,3,3,2,3,30,2,"US",2,3.1,3.7,3.1,2.2,2.8
61,3,3,3,2,4,1,4,3,3,3,4,2,4,3,5,4,4,2,4,3,1,4,4,5,1,5,2,5,4,3,2,3,4,3,4,3,3,2,5,4,3,2,5,1,4,1,3,3,5,4,17,2,"US",2,2.9,3.4,3.3,3.5,3.1
62,2,3,4,3,2,3,3,3,5,4,3,4,4,2,5,3,3,3,4,2,2,4,3,4,2,5,1,3,4,3,2,3,5,3,1,4,4,3,4,4,3,2,4,2,4,1,4,3,4,4,15,1,"GB",1,3.2,3.1,3.3,3.3,3.1
63,2,3,2,4,2,2,2,4,2,4,4,2,5,2,3,4,3,4,5,3,1,3,1,4,2,4,2,4,2,2,4,3,3,2,1,2,3,4,3,4,5,1,5,1,4,1,5,5,5,3,29,2,"US",1,2.7,2.5,2.9,3.5,3.5
64,2,3,3,3,3,3,2,3,2,4,4,3,4,2,4,4,4,4,4,4,2,3,3,4,2,3,3,3,4,3,3,2,4,3,3,3,5,2,4,3,2,3,3,2,3,2,4,3,5,3,18,2,"PH",1,2.8,3,3.2,3.7,3
65,2,5,4,4,2,4,2,4,2,5,2,4,2,3,2,1,5,5,4,4,4,3,3,4,2,4,3,4,2,3,2,5,2,4,2,4,4,4,2,2,2,4,4,4,2,3,3,3,5,3,18,2,"US",1,3.4,3.2,3.1,3.2,3.3
66,2,3,1,4,3,2,2,5,1,3,4,1,5,1,4,4,3,3,3,4,1,4,3,5,1,5,1,5,5,3,4,5,5,5,1,5,3,2,4,4,3,3,3,3,3,4,4,2,4,3,35,2,"US",1,2.6,3.3,3.8,3.2,3.2
67,2,4,4,2,4,2,3,4,3,4,2,4,2,4,3,2,2,2,2,2,2,4,2,4,2,2,2,3,4,4,3,4,4,2,2,2,3,3,3,3,4,2,4,2,4,2,5,2,4,5,52,1,"US",2,3.2,2.9,2.9,2.5,3.4
68,3,3,4,4,5,2,5,4,3,4,4,3,4,2,2,3,3,2,2,3,2,5,2,5,2,5,2,5,5,5,4,2,5,2,4,3,4,2,4,4,3,1,5,1,5,1,5,3,5,5,18,2,"US",1,3.7,3.8,3.4,2.8,3.4
69,3,2,3,2,5,3,3,5,2,3,5,2,5,2,4,5,4,4,5,3,3,5,1,3,3,5,3,3,3,4,3,4,3,3,2,4,4,2,4,2,4,1,4,2,5,1,4,1,2,5,31,2,"US",1,3.1,3.3,3.1,3.9,2.9
70,2,3,3,4,3,4,3,4,2,4,4,3,4,3,3,2,4,1,4,3,1,4,2,4,2,4,2,4,3,5,5,2,5,2,3,3,3,3,3,4,5,1,4,2,4,1,5,4,5,5,21,1,"BR",1,3.2,3.1,3.3,3.1,3.6
71,3,3,4,2,4,3,3,4,4,3,5,1,3,3,1,5,3,3,5,2,2,3,3,4,2,2,2,4,4,2,3,1,3,5,2,4,2,4,3,4,1,5,2,2,4,2,3,1,2,3,20,2,"(nu",5,3.3,2.8,3.1,3.1,2.5
72,4,3,2,4,2,1,2,1,5,5,1,5,2,1,3,2,4,3,2,4,2,2,5,5,1,4,3,4,4,1,4,4,4,4,1,4,2,3,2,2,4,1,4,1,4,2,5,4,4,4,19,2,"US",2,2.9,3.1,3,2.7,3.3
73,3,1,1,5,1,1,1,5,3,3,3,3,5,2,5,1,3,1,3,2,5,1,4,3,5,3,5,1,1,1,3,1,3,4,3,1,3,1,4,1,3,1,5,1,5,1,5,1,3,5,37,1,"CA",1,2.4,2.9,2.4,2.8,3
74,2,5,2,2,3,4,5,4,2,1,4,2,4,4,4,2,3,3,3,4,2,3,4,4,1,3,2,4,4,3,1,4,5,4,2,4,1,4,4,2,4,4,3,1,4,2,3,4,3,3,21,2,"IT",1,3,3,3.1,3.3,3.1
75,3,2,5,2,4,2,3,4,2,3,4,3,4,2,3,3,2,3,4,2,5,4,1,5,1,5,2,1,2,2,2,3,4,1,3,4,3,2,4,3,4,2,3,3,3,3,3,2,4,4,33,2,"GB",2,3,2.8,2.9,3,3.1
76,4,2,5,3,4,2,4,1,5,4,4,3,4,4,5,5,5,5,5,3,1,4,1,5,1,5,1,5,5,5,5,1,5,5,5,4,1,1,4,4,3,1,5,1,5,1,5,4,5,5,23,2,"IN",1,3.4,3.3,3.5,4.3,3.5
77,2,1,3,5,1,3,1,1,2,5,5,1,5,4,2,4,3,1,5,1,1,5,1,5,1,5,1,5,5,4,3,2,5,2,3,2,5,1,5,3,4,1,2,2,4,2,5,5,5,3,18,2,"US",1,2.4,3.3,3.1,3.1,3.3
78,5,1,5,2,5,1,3,2,4,4,2,4,5,4,4,5,3,4,5,3,1,4,2,5,1,4,1,4,5,5,4,2,4,2,2,1,4,2,4,1,4,4,4,2,5,1,4,2,4,5,30,2,"AU",2,3.2,3.2,2.6,3.9,3.5
79,3,2,5,3,5,2,5,3,3,3,4,3,4,4,2,3,2,2,3,1,5,5,3,4,2,5,1,5,4,5,4,2,4,2,4,3,3,1,4,4,4,2,4,2,4,1,4,4,4,4,54,2,"AU",1,3.4,3.9,3.1,2.8,3.3
80,2,3,4,3,3,3,3,3,3,3,3,3,4,3,3,2,3,3,3,3,2,5,2,4,2,4,2,4,4,4,4,2,4,2,4,2,4,2,3,4,4,2,4,3,3,2,4,3,4,3,23,2,"US",2,3,3.3,3.1,3,3.2
81,5,1,5,2,5,2,3,2,4,5,5,2,5,2,5,5,4,4,5,4,1,5,2,5,1,5,2,4,5,5,4,1,4,1,4,1,4,2,4,4,5,2,5,2,5,1,5,4,4,4,22,2,"NG",5,3.4,3.5,2.9,4.1,3.7
82,3,4,2,4,4,2,3,3,5,5,1,2,5,3,3,4,3,2,3,5,4,5,1,5,1,5,1,5,5,5,4,3,5,1,3,1,2,2,4,5,3,2,4,1,5,1,5,2,4,5,32,2,"IN",1,3.5,3.7,3,3.1,3.2
83,2,1,2,1,4,1,2,2,4,4,5,1,5,2,5,4,5,5,5,4,4,3,4,2,3,1,4,2,2,2,2,2,5,5,1,4,4,5,2,4,5,4,2,4,2,4,4,5,5,2,15,1,"GB",1,2.3,2.7,3.4,4.1,3.7
84,5,3,5,3,5,2,4,4,4,2,2,2,3,3,4,1,1,1,1,4,1,4,1,5,1,3,1,3,4,5,4,1,5,1,4,1,3,1,5,5,5,2,4,2,5,1,5,3,4,4,25,2,"NG",1,3.7,2.8,3,2.2,3.5
85,3,2,3,3,3,3,3,4,3,5,5,3,5,1,3,5,3,3,5,5,1,3,1,5,2,5,2,4,5,3,3,4,4,1,2,3,4,1,3,3,4,2,5,3,3,1,4,3,4,3,36,2,"GB",5,3.2,3.1,2.8,3.8,3.2
86,4,3,5,1,4,2,5,2,5,4,4,3,5,3,2,3,1,1,4,3,2,4,4,3,1,4,1,5,5,5,3,3,4,4,2,5,5,3,1,5,5,1,5,2,5,1,2,5,5,4,19,1,"AU",1,3.5,3.4,3.5,2.9,3.5
87,2,3,4,4,3,2,1,4,1,4,4,4,4,2,2,4,4,4,4,4,2,5,3,4,3,4,2,4,4,3,2,5,4,4,2,3,4,4,3,4,4,2,4,1,3,2,4,4,4,3,21,2,"US",1,2.8,3.4,3.5,3.6,3.1
88,2,4,4,3,2,3,2,4,2,4,2,5,1,4,1,1,1,1,1,1,2,4,2,4,2,3,2,4,4,3,4,3,3,2,4,2,4,2,5,4,3,1,3,4,4,3,5,3,4,3,17,1,"US",2,3,3,3.3,1.8,3.3
89,3,3,4,3,3,2,4,4,4,3,2,4,3,4,1,3,1,1,2,1,1,5,2,4,1,4,2,4,4,3,4,3,5,2,3,3,5,1,4,4,4,1,5,2,5,1,5,3,4,5,26,1,"CA",2,3.3,3,3.4,2.2,3.5
90,3,2,5,3,3,2,2,3,3,3,4,4,4,2,3,3,3,4,4,4,1,5,1,5,1,3,2,5,4,3,5,2,5,3,2,4,5,2,5,5,5,1,3,1,3,3,5,5,5,4,65,1,"US",1,2.9,3,3.8,3.5,3.5
91,1,2,2,5,2,2,1,5,1,5,4,2,5,2,3,3,3,2,4,4,3,2,3,2,3,3,3,3,2,5,3,3,4,2,2,4,4,3,4,3,4,1,5,1,4,1,4,3,4,5,19,2,"US",1,2.6,2.9,3.2,3.2,3.2
92,4,2,4,2,5,4,4,4,4,4,2,5,3,3,2,2,3,3,2,3,3,3,5,3,5,2,3,3,2,4,3,2,5,5,3,5,1,3,4,4,4,4,4,3,5,2,4,4,3,4,17,1,"MY",1,3.7,3.3,3.5,2.8,3.7
93,2,4,3,4,2,4,4,4,2,5,3,4,4,2,4,3,4,4,4,2,2,5,2,5,2,4,2,5,4,4,2,2,4,3,2,2,2,2,2,3,3,4,3,2,3,3,2,3,2,2,17,1,"GB",2,3.4,3.5,2.4,3.4,2.7
94,3,4,4,3,3,3,3,3,3,3,2,4,2,4,1,3,2,1,3,1,1,5,1,5,1,5,1,5,5,5,5,3,5,1,4,1,5,1,4,5,3,1,3,1,5,1,5,2,2,5,57,2,"AU",2,3.2,3.4,3.4,2.3,2.8
95,3,1,5,1,5,1,4,1,5,3,1,5,5,5,3,1,3,1,1,1,4,4,5,4,4,3,3,3,2,3,3,5,5,3,1,4,4,4,4,3,5,2,5,3,5,1,5,5,4,5,18,1,"US",1,2.9,3.5,3.6,2.6,4
96,4,1,4,2,4,1,4,2,4,2,5,3,5,2,4,5,5,4,4,4,5,5,2,5,2,5,2,5,5,4,3,4,4,4,2,3,4,2,4,4,3,2,4,2,3,2,4,3,4,4,22,2,"US",2,2.8,4,3.4,4.1,3.1
97,4,2,4,1,4,2,4,2,5,1,1,4,2,4,4,1,5,4,2,2,5,4,5,1,5,1,2,2,1,3,3,4,5,3,2,1,4,3,3,4,5,2,5,2,5,1,5,5,5,4,18,2,"GB",1,2.9,2.9,3.2,2.9,3.9
98,4,1,3,2,3,1,2,1,4,4,5,4,5,4,5,4,3,3,4,4,2,3,1,4,4,3,2,3,4,4,3,4,5,3,1,5,4,4,1,4,3,2,5,3,4,1,5,2,5,5,30,2,"DK",1,2.5,3,3.4,4.1,3.5
99,1,4,4,5,4,2,1,5,1,5,1,5,1,5,2,1,2,1,1,1,1,5,1,5,1,5,5,5,5,5,4,5,2,1,4,4,1,2,5,1,5,1,5,1,4,1,4,4,4,5,57,1,"(nu",1,3.2,3.8,2.9,2,3.4
100,3,1,3,2,3,1,2,5,3,5,2,5,3,2,3,5,2,2,3,2,4,4,3,4,1,3,1,3,5,3,1,4,3,1,3,3,5,3,2,3,3,1,5,1,3,1,4,4,5,5,16,1,"GB",2,2.8,3.1,2.8,2.9,3.2
101,2,5,4,5,2,2,5,5,1,5,5,3,5,2,5,2,5,5,4,4,1,5,2,5,1,5,1,4,5,5,5,1,5,1,1,1,5,2,2,5,5,1,5,1,2,1,5,5,5,4,22,2,"US",1,3.6,3.4,2.8,4,3.4
102,4,2,4,4,4,2,4,2,4,2,3,4,5,2,3,3,3,3,3,2,5,5,2,4,1,4,1,5,4,4,2,4,4,3,2,3,3,3,3,5,1,3,4,2,3,2,4,1,4,3,19,1,"US",5,3.2,3.5,3.2,3.1,2.7
103,4,1,4,1,4,1,4,3,5,5,4,2,5,4,4,4,4,4,5,3,5,3,3,4,2,4,1,4,4,1,3,4,3,4,2,3,3,3,3,3,3,3,4,3,4,4,3,3,5,5,21,2,"US",1,3.2,3.1,3.1,3.9,3.7
104,2,5,4,5,3,3,5,5,3,5,3,5,5,1,1,4,4,4,2,5,1,5,1,5,5,5,3,5,5,5,3,5,4,3,2,3,3,3,1,3,4,1,5,1,3,1,5,5,5,3,21,2,"US",1,4,4,3,3.4,3.3
105,4,1,4,1,4,1,5,2,5,2,3,4,3,3,2,2,3,3,3,3,4,4,2,5,2,4,1,5,5,4,5,1,5,2,4,1,4,2,5,5,5,1,4,1,5,1,5,5,4,5,27,1,"CA",2,2.9,3.6,3.4,2.9,3.6
106,5,1,5,1,5,1,5,1,5,1,1,5,2,1,2,3,2,2,2,1,4,5,4,2,3,2,2,3,4,4,1,3,2,4,3,3,3,2,3,3,5,1,4,2,4,1,4,5,1,3,21,1,"DE",1,3,3.3,2.7,2.1,3
107,1,4,4,4,2,2,3,2,4,3,2,4,3,4,3,2,2,1,1,1,1,5,1,5,2,4,2,4,5,1,3,1,3,1,1,1,5,1,1,4,5,1,5,1,4,1,5,5,5,5,22,2,"US",1,2.9,3,2.1,2.3,3.7
108,2,2,4,2,3,2,3,3,3,3,2,4,2,3,4,2,3,3,4,2,3,3,3,3,2,2,2,4,2,4,4,2,2,2,2,3,4,2,4,4,3,3,4,4,3,3,4,3,3,3,17,1,"NO",5,2.7,2.8,2.9,2.9,3.3
109,5,3,5,3,4,3,3,3,3,3,2,4,3,3,2,3,3,2,3,1,2,3,3,4,2,4,2,4,3,5,3,2,5,1,3,1,4,3,4,4,4,2,4,2,4,1,5,3,4,4,27,2,"US",1,3.5,3.2,3,2.6,3.3
110,1,2,5,2,5,3,5,3,3,2,3,4,5,3,3,3,2,1,1,1,1,5,2,4,2,5,1,4,4,5,4,4,5,1,2,2,4,2,5,4,3,4,5,1,4,1,4,4,4,5,18,1,"US",2,3.1,3.3,3.3,2.6,3.5
111,2,3,5,3,4,1,1,5,4,5,5,3,5,3,5,4,5,3,4,3,1,5,3,5,1,5,1,5,5,3,3,1,3,4,1,4,5,3,1,3,2,1,5,1,3,1,4,1,5,5,18,1,"PT",1,3.3,3.4,2.8,4,2.8
112,4,1,5,1,5,1,4,2,4,1,3,3,4,3,1,2,3,1,3,1,4,3,5,2,2,1,4,3,5,3,5,3,5,2,4,2,4,1,4,2,3,2,3,3,4,3,4,4,3,3,23,1,"US",2,2.8,3.2,3.2,2.4,3.2
113,3,4,5,3,4,1,2,1,5,2,4,3,5,3,4,4,5,3,1,3,5,5,2,5,1,5,1,5,5,5,5,4,5,2,2,1,4,1,3,5,4,1,4,1,5,1,5,4,4,5,19,1,"LK",1,3,3.9,3.2,3.5,3.4
114,5,1,5,1,5,1,5,2,5,1,4,4,5,4,1,1,1,1,1,1,1,5,1,5,1,5,1,5,5,5,4,2,5,1,4,1,5,1,4,4,5,1,4,1,5,1,5,4,5,5,27,1,"US",1,3.1,3.4,3.1,2.3,3.6
115,1,2,2,4,2,4,2,2,2,5,3,4,2,4,2,2,2,2,2,2,3,3,4,3,3,3,3,3,2,3,2,4,4,3,2,4,2,4,2,3,2,3,4,3,3,2,3,2,4,3,22,2,"AU",1,2.6,3,3,2.5,2.9
116,1,3,4,1,4,3,3,2,2,1,2,4,3,2,2,2,1,2,1,3,4,4,1,3,2,2,2,3,4,2,4,3,5,2,2,1,3,3,5,4,3,2,4,3,4,1,4,3,3,4,1976,1,"KR",5,2.4,2.7,3.2,2.2,3.1
117,1,4,3,4,2,4,3,5,1,3,4,3,4,4,2,1,4,4,1,2,1,4,1,5,1,5,3,4,4,4,3,4,3,2,2,3,4,1,4,5,4,1,5,1,4,2,4,3,5,4,26,2,"US",2,3,3.2,3.1,2.9,3.3
118,3,1,4,2,4,2,4,2,4,2,4,4,4,3,2,3,3,3,4,3,2,4,4,4,2,4,2,4,4,4,3,4,2,2,2,4,2,2,2,3,5,2,5,2,4,1,5,4,4,5,50,2,"US",2,2.8,3.4,2.6,3.3,3.7
119,4,3,3,2,3,3,4,3,3,4,3,4,3,2,5,3,5,5,4,3,2,3,3,5,2,4,3,4,4,3,3,2,3,3,1,4,4,3,2,2,3,4,5,1,4,1,3,4,5,5,32,1,"AU",2,3.2,3.3,2.7,3.7,3.5
120,1,5,1,5,1,5,1,5,1,5,2,5,2,2,1,2,2,1,1,2,5,1,3,2,5,2,5,2,2,3,5,2,5,1,3,4,5,1,5,5,5,1,5,1,4,1,5,5,5,5,19,2,"US",1,3,3,3.6,2,3.7
121,2,2,4,3,2,3,2,4,2,4,3,4,2,4,2,3,2,2,3,3,1,4,2,5,1,4,2,4,4,4,2,4,2,2,2,5,4,2,2,2,3,1,4,1,4,2,4,2,4,4,57,1,"US",1,2.8,3.1,2.7,2.8,2.9
122,2,4,3,4,3,3,3,2,3,5,4,3,5,3,3,4,4,3,3,4,1,4,2,4,3,4,3,3,4,2,2,4,3,3,1,4,3,3,4,3,1,4,5,3,3,2,2,1,5,4,20,2,"US",1,3.2,3,3,3.6,3
123,3,3,2,4,3,2,2,5,1,5,3,4,4,3,3,3,4,4,3,4,4,3,2,4,3,5,4,3,4,4,3,2,4,4,3,3,4,3,3,2,3,3,4,3,3,2,3,3,3,4,16,2,"EG",1,3,3.6,3.1,3.5,3.1
124,3,3,2,3,4,2,4,2,2,2,2,2,4,2,1,2,4,2,4,4,1,5,2,5,1,4,1,5,5,3,4,2,5,3,4,1,4,1,4,4,5,2,5,2,4,1,5,5,5,4,30,2,"US",1,2.7,3.2,3.2,2.7,3.8
125,3,2,5,3,4,4,2,2,5,2,3,3,2,4,3,3,3,3,3,2,2,2,1,4,3,4,2,4,4,5,3,2,4,2,4,2,1,1,4,3,4,1,5,1,4,1,5,3,3,5,26,2,"IN",1,3.2,3.1,2.6,2.9,3.2
126,3,2,4,2,5,1,5,4,4,2,2,4,2,5,2,3,2,1,4,1,4,5,3,2,2,4,2,2,3,3,1,4,4,2,1,5,2,2,2,4,5,1,3,1,5,2,5,3,4,5,27,2,"FI",2,3.2,3,2.7,2.6,3.4
127,3,4,3,3,4,3,5,4,2,4,3,3,3,4,3,4,2,2,3,4,1,5,1,5,2,4,2,5,4,3,3,3,3,4,5,3,4,1,2,4,4,3,4,3,3,3,4,4,3,5,36,1,"US",5,3.5,3.2,3.2,3.1,3.6
128,4,1,5,1,4,1,4,2,4,2,5,2,5,3,2,5,4,4,3,3,1,5,3,5,1,5,1,5,5,3,4,3,5,4,3,5,4,1,4,4,3,2,5,3,4,1,4,3,4,4,25,2,"US",2,2.8,3.4,3.7,3.6,3.3
129,4,5,3,3,3,4,3,2,4,4,4,4,4,4,5,4,2,4,4,2,3,4,1,4,3,3,3,3,2,3,5,3,4,4,1,3,5,3,5,4,2,2,5,1,5,5,4,2,2,5,17,2,"US",1,3.5,2.9,3.7,3.7,3.3
130,4,1,5,1,5,1,3,2,4,4,3,3,4,1,2,4,2,2,4,1,2,5,4,3,2,3,2,4,4,3,4,2,5,1,2,2,4,4,4,4,4,1,5,1,5,1,3,5,5,4,18,2,"US",2,3,3.2,3.2,2.6,3.4
131,4,1,5,1,5,1,4,2,5,2,2,2,2,4,4,2,2,2,2,1,1,5,1,5,1,4,2,4,5,5,3,3,3,3,2,2,3,2,2,3,5,1,5,1,5,1,5,5,4,5,46,1,"AU",2,3,3.3,2.6,2.3,3.7
132,5,1,5,2,4,1,4,4,5,1,3,4,3,4,4,2,1,1,1,2,5,5,2,4,2,5,2,4,5,5,5,3,4,4,3,5,4,1,4,5,4,1,5,1,5,1,4,5,5,5,37,1,"IR",1,3.2,3.9,3.8,2.5,3.6
133,3,4,2,4,5,3,3,3,5,4,2,4,1,3,2,2,2,3,4,3,5,4,4,5,1,5,4,5,5,3,5,4,5,2,3,4,3,1,2,4,5,5,3,5,4,4,5,4,4,3,48,1,"US",1,3.6,4.1,3.3,2.6,4.2
134,1,5,2,5,2,3,1,5,1,5,3,4,4,2,4,3,3,2,3,4,1,4,1,4,2,3,2,4,4,4,3,4,4,3,2,3,3,2,3,3,3,3,4,3,3,2,4,1,2,3,17,2,"US",1,3,2.9,3,3.2,2.8
135,1,2,1,2,1,1,1,5,1,5,2,3,4,3,5,1,3,2,3,2,1,3,2,3,2,4,2,4,4,2,4,1,3,2,1,1,3,4,1,3,1,4,5,1,3,1,3,1,5,3,14,2,"AU",1,2,2.7,2.3,2.8,2.7
136,2,1,2,3,5,1,2,4,5,4,4,1,5,2,4,4,5,4,4,3,2,3,1,5,1,5,3,3,5,4,2,1,5,2,3,1,5,3,3,4,3,4,2,5,4,2,4,2,4,4,25,1,"PK",1,2.9,3.2,2.9,3.6,3.4
137,1,3,2,3,3,3,3,5,1,5,3,3,4,5,3,1,3,3,1,5,1,4,3,4,3,5,4,5,4,3,3,1,3,3,5,1,4,2,1,3,5,3,3,3,3,3,5,5,5,3,21,1,"ID",1,2.9,3.6,2.6,3.1,3.8
138,1,1,5,4,5,1,5,1,5,1,5,3,5,1,5,5,5,5,5,4,1,5,5,5,1,5,1,5,5,5,1,5,5,1,1,5,1,2,4,1,4,1,5,1,5,1,5,4,5,4,75,2,"US",5,2.9,3.8,2.6,4.3,3.5
139,3,1,3,2,5,1,4,2,5,3,5,2,4,1,5,5,5,5,5,5,4,5,4,2,3,3,4,4,3,3,2,3,2,3,2,2,3,3,4,2,4,2,5,2,4,1,3,4,5,5,30,2,"CA",1,2.9,3.5,2.6,4.2,3.5
140,2,5,5,3,1,4,2,5,4,5,2,4,4,2,2,2,4,2,3,2,1,5,2,4,3,4,1,4,4,3,3,2,4,2,1,3,3,3,3,3,4,1,5,3,5,1,5,3,3,4,15,1,"US",5,3.6,3.1,2.7,2.7,3.4
141,3,3,3,3,3,3,3,4,2,4,5,4,5,2,3,3,3,2,2,2,1,4,2,4,2,5,2,4,3,3,3,2,5,2,4,2,4,2,3,4,4,2,5,3,3,1,4,3,4,4,20,2,"US",1,3.1,3,3.1,3.1,3.3
142,2,3,5,3,4,2,3,5,2,5,5,2,4,2,4,5,5,5,5,4,2,5,2,3,2,2,2,5,4,3,3,3,5,4,1,2,4,1,3,5,5,2,4,2,4,1,3,4,4,4,21,1,"(nu",2,3.4,3,3.1,4.1,3.3
143,2,4,2,3,2,4,1,3,2,4,2,3,3,3,3,2,1,2,4,3,3,2,2,2,2,2,2,2,2,2,5,2,4,2,3,1,4,2,3,4,5,1,3,1,4,2,4,5,4,4,26,1,"GB",1,2.7,2.1,3,2.6,3.3
144,2,2,2,4,4,2,4,4,2,4,4,3,4,2,4,4,4,5,4,4,2,5,4,4,2,4,2,4,4,4,2,4,4,4,2,4,2,4,4,2,5,2,5,1,4,1,4,5,4,4,41,1,"GB",5,3,3.5,3.2,3.8,3.5
145,3,1,4,3,4,2,3,4,3,2,3,3,3,4,2,2,3,4,4,3,2,5,3,3,2,3,2,3,3,3,3,3,3,3,1,4,3,3,2,3,2,3,4,3,3,1,3,2,3,4,17,2,"US",1,2.9,2.9,2.8,3.1,2.8
146,1,3,3,3,3,3,5,1,3,5,1,5,3,3,5,1,1,1,1,2,3,3,1,5,3,3,3,5,5,5,3,1,5,3,3,1,3,1,1,3,5,3,5,3,5,1,5,1,5,5,27,1,"FR",1,3,3.6,2.4,2.3,3.8
147,2,3,3,2,3,2,2,4,3,5,5,2,4,1,1,2,2,1,1,1,1,4,1,2,1,3,1,3,2,2,5,2,4,2,5,3,3,2,4,2,3,2,4,1,3,2,3,1,2,3,18,2,"US",5,2.9,2,3.2,2,2.4
148,2,3,2,4,3,3,2,5,1,5,4,2,5,2,4,4,2,2,4,2,2,4,2,4,2,4,2,3,3,3,5,2,4,2,4,1,5,1,5,4,4,1,4,1,5,1,5,4,5,5,38,1,"US",1,3,2.9,3.3,3.1,3.5
149,3,3,4,2,3,3,5,4,5,2,2,5,3,2,1,2,3,2,2,2,1,4,2,4,1,4,1,5,4,3,3,1,3,1,4,2,3,2,3,2,2,3,2,3,3,4,3,3,1,4,16,1,"CA",5,3.4,2.9,2.4,2.4,2.8
150,1,5,1,5,1,5,1,5,1,5,1,5,1,5,1,5,5,5,1,1,1,5,1,5,1,5,1,5,5,5,5,5,5,1,3,1,5,3,1,3,5,1,5,1,5,1,5,5,5,5,37,1,"US",1,3,3.4,3.2,3,3.8
151,4,1,5,1,5,1,5,4,5,4,2,3,3,3,3,2,2,1,3,2,3,5,3,4,1,5,1,5,4,5,3,4,3,3,3,3,3,2,3,5,3,3,3,3,5,4,4,1,3,5,27,2,"US",5,3.5,3.6,3.2,2.4,3.4
152,3,1,4,1,4,3,5,4,1,3,3,2,3,5,1,2,1,1,3,1,1,5,1,5,1,3,1,5,1,4,2,4,4,1,3,1,4,1,5,5,4,3,4,3,5,1,4,3,4,4,50,2,"US",5,2.9,2.7,3,2.2,3.5
153,5,3,3,3,3,4,4,4,2,2,5,5,3,3,3,4,5,5,3,3,5,5,3,4,3,5,2,3,3,3,3,2,4,2,3,4,2,3,3,3,2,5,3,3,3,2,3,3,3,3,35,1,"IN",1,3.3,3.6,2.9,3.9,3
154,3,1,3,3,5,1,4,5,2,2,3,2,5,3,4,3,3,2,3,2,1,5,3,5,2,5,1,3,5,5,3,1,5,1,1,3,4,3,2,5,4,1,5,1,4,2,5,2,5,4,35,2,"US",5,2.9,3.5,2.8,3,3.3
155,3,3,5,3,4,3,4,3,4,3,3,4,4,3,2,3,2,1,2,2,1,4,1,5,1,3,1,5,5,4,4,3,3,2,2,2,4,1,4,3,2,2,2,4,3,3,4,2,4,3,18,1,"US",5,3.5,3,2.8,2.6,2.9
156,4,2,3,4,3,3,3,4,4,5,1,5,2,5,3,1,5,2,1,1,2,4,1,4,2,5,2,5,4,4,2,2,5,1,1,1,4,3,1,4,1,5,3,4,1,3,3,1,1,2,21,2,"US",2,3.5,3.3,2.4,2.6,2.4
157,2,3,3,4,3,2,4,5,2,4,4,3,3,3,3,4,4,1,4,3,2,3,2,3,2,4,2,3,4,3,4,2,4,1,5,2,5,1,3,5,5,2,2,2,4,3,4,4,2,4,63,1,"US",5,3.2,2.8,3.2,3.2,3.2
158,2,3,4,5,1,4,1,5,4,5,2,4,1,3,1,2,1,1,4,4,1,5,1,4,1,3,1,5,4,4,4,3,4,2,4,4,4,1,1,5,4,1,5,1,5,1,5,4,4,4,17,2,"US",1,3.4,2.9,3.2,2.3,3.4
159,1,4,2,5,1,4,1,4,1,5,5,1,5,4,3,4,3,3,4,4,2,3,3,4,2,4,2,4,3,3,2,4,2,4,1,4,4,2,2,2,3,2,4,2,2,2,4,4,3,4,17,1,"ES",1,2.8,3,2.7,3.6,3
160,3,1,5,2,5,2,5,2,4,1,1,5,5,5,1,2,4,3,4,1,2,5,3,3,4,4,1,4,4,4,4,3,4,2,1,4,3,2,2,3,4,1,5,1,3,1,3,3,5,4,16,2,"US",1,3,3.4,2.8,3.1,3
161,1,4,2,1,5,1,2,1,1,1,5,2,5,1,5,4,5,5,5,5,4,5,5,2,4,5,5,2,3,1,3,2,5,5,4,3,5,5,3,2,5,4,5,1,5,1,2,5,5,5,21,1,"RS",1,1.9,3.6,3.7,4.2,3.8
162,1,3,2,4,2,4,1,4,4,3,4,2,4,1,3,3,4,4,4,4,3,2,3,3,2,4,3,3,2,3,2,3,3,4,1,4,3,2,2,3,3,3,4,3,2,2,4,3,5,2,20,1,"GB",2,2.8,2.8,2.7,3.3,3.1
163,1,1,4,5,3,4,1,5,2,5,3,4,4,2,2,3,2,3,2,3,1,4,1,5,2,5,2,4,4,2,4,1,4,2,3,1,4,1,4,4,4,1,4,1,4,1,5,3,4,3,61,1,"GB",5,3.1,3,2.8,2.8,3
164,3,2,5,2,4,1,5,5,2,2,4,3,4,3,2,3,3,3,4,2,3,4,2,4,2,4,1,5,4,3,4,2,3,2,4,3,3,3,4,3,3,3,3,3,4,2,4,3,4,3,19,1,"GB",5,3.1,3.2,3.1,3.1,3.2
165,5,3,5,4,5,2,5,5,2,5,5,5,2,5,1,1,5,5,1,1,1,5,1,5,1,5,5,5,5,5,5,5,2,2,1,5,1,5,1,5,5,1,5,1,5,1,5,2,5,3,24,1,"IN",1,4.1,3.8,3.2,3.1,3.3
166,3,2,4,2,4,2,4,3,3,2,4,3,4,3,4,3,3,2,2,2,2,3,2,4,3,4,2,4,4,4,4,1,4,1,5,1,5,3,4,3,3,3,2,3,2,4,4,2,4,3,17,2,"AE",5,2.9,3.2,3.1,3,3
167,2,4,2,4,2,4,2,1,1,4,1,1,5,1,5,5,4,4,5,4,2,3,2,4,3,4,3,3,3,3,1,5,3,4,1,4,3,3,4,4,3,1,3,1,5,1,4,5,5,5,28,2,"IR",1,2.6,3,3.2,3.5,3.3
168,1,5,2,5,1,4,1,5,1,5,4,4,4,3,3,3,3,2,2,3,3,5,2,5,2,4,1,5,4,4,3,5,4,5,2,4,1,4,3,3,4,1,5,2,3,1,4,3,4,5,15,2,"AU",1,3,3.5,3.4,3.1,3.2
169,2,4,4,4,5,1,5,3,4,3,4,4,4,3,4,4,3,3,5,4,3,5,3,3,3,2,4,4,4,4,4,3,4,3,4,3,5,3,4,4,4,1,4,2,4,2,4,2,4,4,20,2,"PH",5,3.5,3.5,3.7,3.8,3.1
170,2,5,1,4,1,5,1,4,2,5,3,5,1,4,2,2,1,1,1,5,2,2,1,5,5,5,4,2,5,1,2,4,4,3,1,2,4,4,1,5,4,1,4,1,5,2,4,3,5,3,24,1,"US",1,3,3.2,3,2.5,3.2
171,3,2,5,2,3,2,5,2,4,4,3,5,4,4,3,3,3,1,3,2,1,5,1,4,1,4,1,4,5,4,3,2,5,2,1,2,4,3,3,4,4,2,4,1,4,1,4,4,4,3,24,1,"GB",1,3.2,3,2.9,3.1,3.1
172,3,4,2,4,2,3,4,4,5,5,3,2,2,3,3,4,4,3,4,2,4,4,4,3,3,4,3,2,3,4,3,5,2,3,2,4,5,2,3,4,3,1,4,1,4,1,5,1,5,4,27,1,"IN",1,3.6,3.4,3.3,3,2.9
173,3,3,3,3,3,3,2,3,3,3,1,5,1,3,1,1,2,2,1,2,1,4,1,4,1,4,2,4,4,3,4,1,5,1,3,1,3,3,3,3,2,2,4,2,3,1,4,4,2,4,19,1,"IN",1,2.9,2.8,2.7,1.9,2.8
174,2,2,4,3,2,2,1,4,3,5,2,4,3,3,2,1,1,1,2,2,2,5,3,4,1,4,2,4,4,4,4,4,3,2,1,1,4,1,1,1,1,1,2,2,4,4,5,2,1,3,16,2,"AU",5,2.8,3.3,2.2,2.1,2.5
175,1,5,3,4,4,3,2,4,4,5,3,4,4,3,2,2,2,1,2,1,3,5,2,5,2,4,2,4,5,3,4,2,4,1,1,1,4,2,3,5,3,1,5,1,4,1,3,3,5,3,18,2,"US",2,3.5,3.5,2.7,2.4,2.9
176,2,4,3,2,1,4,2,2,5,5,5,1,5,2,5,5,4,5,5,4,3,3,2,3,5,5,4,2,2,3,4,4,3,5,2,4,4,4,2,2,5,5,5,4,4,3,1,5,5,4,32,1,"US",1,3,3.2,3.4,4.1,4.1
177,4,2,5,4,4,4,5,3,3,3,4,4,4,3,3,3,3,3,3,3,4,5,2,4,3,5,4,4,4,5,4,2,5,3,2,3,4,3,4,4,4,4,4,4,3,4,4,2,3,3,17,2,"PH",1,3.7,4,3.4,3.3,3.5
178,1,2,1,4,1,1,1,4,4,5,5,1,5,1,2,5,4,3,5,5,1,2,3,4,1,4,1,4,3,1,4,1,4,5,2,1,3,5,1,2,4,2,4,1,1,2,3,4,5,3,20,2,"US",5,2.4,2.4,2.8,3.6,2.9
179,1,5,3,4,2,4,4,5,1,5,1,5,2,5,1,1,1,1,1,1,3,4,1,3,2,4,3,4,3,3,4,5,5,3,1,3,2,3,1,5,3,1,3,1,5,2,5,3,4,4,33,1,"US",5,3.4,3,3.2,1.9,3.1
180,5,2,5,2,5,4,2,2,5,2,3,5,3,1,2,4,4,3,1,2,3,4,1,1,1,1,2,4,1,5,4,5,5,4,2,3,2,3,3,3,4,1,4,3,5,3,5,4,4,5,25,1,"GR",1,3.4,2.3,3.4,2.8,3.8
181,4,1,5,1,5,1,5,2,3,2,5,3,4,5,3,2,2,1,2,1,4,5,1,4,1,4,1,5,4,4,4,2,4,2,3,2,3,2,3,3,3,2,4,3,4,1,4,1,4,4,32,2,"GB",2,2.9,3.3,2.8,2.8,3
182,2,2,3,2,2,3,4,4,2,4,3,3,4,2,4,3,2,2,4,4,3,4,4,3,1,2,3,4,2,3,4,4,4,4,3,4,2,3,3,4,4,2,5,1,4,1,3,4,4,4,17,2,"DK",1,2.8,2.9,3.5,3.1,3.2
183,1,1,3,1,5,1,5,1,5,5,1,5,5,5,1,4,1,1,1,1,1,5,5,5,1,5,1,5,5,3,5,5,5,1,5,5,5,1,1,5,5,1,5,1,5,1,5,1,5,5,18,2,"US",3,2.8,3.6,3.8,2.5,3.4
184,4,3,4,3,2,3,4,3,4,4,2,4,2,4,5,3,3,3,4,2,4,4,4,4,4,4,2,3,5,3,4,5,3,3,3,4,4,2,3,4,4,2,5,2,4,1,4,5,5,5,20,1,"US",5,3.4,3.7,3.5,3.2,3.7
185,4,4,3,2,4,3,4,3,1,4,4,3,4,3,2,3,4,3,2,4,4,3,4,2,3,3,3,4,3,3,4,3,3,3,4,3,4,3,3,3,3,2,2,3,3,2,3,3,4,3,23,2,"PH",5,3.2,3.2,3.3,3.2,2.8
186,1,3,2,4,2,2,1,5,1,5,4,3,4,2,3,4,2,3,3,4,2,3,1,3,2,4,2,4,4,2,2,1,5,3,3,1,4,2,4,4,4,1,4,2,3,2,4,4,4,3,17,2,"US",1,2.6,2.7,2.9,3.2,3.1
187,1,3,3,4,3,3,2,3,4,4,2,4,4,2,4,3,4,2,3,3,2,2,4,3,4,3,4,3,4,3,3,3,4,2,3,4,3,2,4,2,3,2,4,2,5,1,3,2,4,4,28,2,"NZ",5,3,3.2,3,3.1,3
188,1,5,1,5,1,5,1,5,1,5,5,5,5,1,5,5,5,1,5,5,5,1,1,5,5,1,5,1,5,5,1,5,5,5,1,5,1,5,1,1,5,1,5,1,5,1,1,5,5,1,27,2,"NL",1,3,3.4,3,4.2,3
189,1,2,3,3,3,1,1,4,2,3,4,2,5,1,4,5,4,4,3,5,1,3,1,5,3,4,4,2,5,3,5,2,5,1,2,1,5,1,4,5,5,1,4,3,3,2,5,5,5,3,46,2,"US",3,2.3,3.1,3.1,3.7,3.6
190,3,1,5,2,4,1,2,5,3,5,3,5,5,2,3,5,4,2,3,5,5,4,2,4,1,5,1,5,5,4,2,3,3,3,2,4,3,3,1,3,2,1,5,1,3,1,4,2,5,4,14,2,"ZA",1,3.1,3.6,2.7,3.7,2.8
191,2,2,3,5,1,2,2,5,1,5,4,3,4,3,3,3,3,3,3,2,1,3,1,5,2,5,2,5,5,2,3,2,3,2,2,2,3,3,2,3,3,3,2,3,2,3,4,2,3,2,15,1,"US",1,2.8,3.1,2.5,3.1,2.7
192,1,3,1,5,1,5,1,1,5,5,5,1,1,1,5,5,5,5,5,5,1,1,1,5,1,5,5,1,5,1,1,1,5,1,1,1,5,5,1,1,3,1,5,1,5,1,5,1,5,1,28,1,"MY",5,2.8,2.6,2.2,3.8,2.8
193,2,3,2,3,3,2,3,4,2,2,4,2,4,4,2,4,4,4,4,2,4,4,1,4,2,2,2,3,4,4,4,3,3,2,3,3,4,3,4,3,4,2,4,2,3,3,4,3,3,4,28,1,"DE",1,2.6,3,3.2,3.4,3.2
194,3,3,1,5,3,2,2,5,1,5,5,4,5,5,3,5,5,5,5,5,2,3,3,5,2,5,1,5,3,3,1,4,4,5,1,4,4,4,2,1,3,4,5,5,2,2,1,3,5,3,32,2,"GB",1,3,3.2,3,4.7,3.3
195,3,2,4,2,4,2,4,2,4,2,1,4,2,4,2,3,3,2,4,1,4,2,1,3,4,2,3,3,2,4,2,4,3,2,3,4,2,4,2,3,5,1,4,2,4,1,5,4,5,5,16,2,"US",2,2.9,2.8,2.9,2.6,3.6
196,2,2,3,2,4,2,2,2,4,4,3,3,2,3,2,4,2,2,3,2,2,3,1,3,2,3,2,3,3,3,4,2,2,1,3,3,3,1,2,4,4,1,3,2,5,2,5,4,5,4,25,2,"NL",2,2.7,2.5,2.5,2.6,3.5
197,3,3,2,2,2,3,4,4,2,5,4,2,4,4,4,4,5,5,5,4,2,3,4,3,2,3,3,3,3,3,3,3,3,3,3,2,3,3,4,3,3,2,3,3,2,3,3,3,5,2,16,2,"GB",1,3,2.9,3,4.1,2.9
198,2,3,2,3,2,2,2,4,2,5,2,3,2,4,3,3,4,2,3,2,4,2,2,4,4,4,4,2,4,3,3,2,3,1,3,2,3,4,2,3,2,2,4,1,3,1,3,2,3,3,27,1,"IN",1,2.7,3.3,2.6,2.8,2.4
199,5,5,5,5,5,5,5,5,5,5,5,5,5,5,5,5,5,5,5,5,5,5,5,5,5,5,5,5,5,5,5,5,5,5,5,5,5,5,5,5,5,5,5,5,5,5,5,5,5,5,23,1,"IN",5,5,5,5,5,5
200,2,5,1,5,3,5,2,4,1,5,4,4,4,2,4,4,4,3,4,4,3,3,3,4,2,3,3,4,2,5,3,4,4,3,2,3,3,3,3,3,3,3,3,3,3,3,3,2,4,4,28,1,"US",5,3.3,3.2,3.1,3.7,3.1
201,4,2,4,4,2,3,3,4,3,4,1,5,2,2,2,2,3,3,3,3,4,4,3,4,4,3,2,4,4,4,2,3,2,3,2,3,2,4,1,4,3,2,3,2,3,2,4,4,4,3,21,2,"PH",1,3.3,3.6,2.6,2.6,3
202,1,5,2,5,2,4,1,5,1,5,2,4,5,2,3,2,2,2,2,2,1,3,1,5,2,3,3,4,3,3,2,3,5,2,4,1,5,2,3,5,3,4,5,3,2,1,4,4,5,2,30,2,"ES",5,3.1,2.8,3.2,2.6,3.3
203,1,2,3,3,3,3,1,4,2,4,3,3,4,3,2,3,3,2,2,3,2,3,3,3,4,4,3,3,5,4,3,3,5,3,3,3,3,3,3,3,3,1,5,2,4,1,4,3,3,4,19,2,"PH",1,2.6,3.4,3.2,2.8,3
204,1,4,2,4,3,3,2,4,2,5,4,2,4,2,3,4,4,3,3,4,2,4,3,5,2,5,2,4,5,4,3,3,4,4,2,4,4,2,3,4,4,1,4,1,4,1,4,4,2,4,18,2,"US",2,3,3.6,3.3,3.3,2.9
205,4,2,5,4,5,4,5,1,4,3,5,5,1,3,1,1,2,3,1,4,5,5,1,5,1,5,1,3,3,3,4,2,5,5,3,5,3,1,5,5,3,1,4,1,4,1,4,3,4,4,21,1,"IN",1,3.7,3.2,3.8,2.6,2.9
206,4,3,3,3,1,3,1,3,4,4,5,3,4,5,5,5,4,4,5,5,2,2,3,3,5,4,4,3,1,3,5,1,1,1,4,1,5,3,5,5,1,5,5,5,5,3,3,1,5,5,34,2,"US",1,2.9,3,3.1,4.5,3.8
207,4,1,4,2,4,2,4,2,4,4,2,4,4,4,2,3,4,2,3,2,2,4,2,4,2,4,2,4,4,4,4,2,4,2,2,4,3,2,2,3,4,2,4,2,4,2,4,4,4,3,29,2,"US",2,3.1,3.2,2.8,3,3.3
208,4,3,3,4,3,3,2,4,2,5,4,4,4,3,4,5,5,5,5,4,2,3,3,5,3,3,2,4,3,3,2,3,3,3,1,4,2,5,2,3,3,3,5,3,3,2,4,3,4,3,15,2,"US",1,3.3,3.1,2.8,4.3,3.3
209,3,1,3,5,5,2,5,2,2,5,5,2,5,3,5,5,5,5,5,2,3,5,2,5,1,5,2,3,5,5,2,3,5,5,3,5,2,3,4,5,3,4,3,2,2,3,4,2,5,2,28,2,"GB",1,3.3,3.6,3.7,4.2,3
210,3,1,4,1,4,2,4,2,5,5,4,4,5,2,3,4,4,3,5,3,1,3,2,4,3,5,2,5,5,3,4,4,3,3,3,4,3,3,5,3,2,4,4,4,4,2,3,2,5,4,18,2,"US",1,3.1,3.3,3.5,3.7,3.4
211,3,2,3,4,3,2,1,3,3,4,1,4,4,2,2,2,4,3,2,4,4,3,1,3,2,4,3,3,3,4,4,1,4,1,2,2,4,3,2,5,4,2,5,2,3,2,4,4,4,4,28,1,"US",1,2.8,3,2.8,2.8,3.4
212,1,4,2,4,2,4,2,4,2,4,5,2,5,1,4,4,3,4,5,1,4,4,2,3,2,4,2,3,3,4,3,4,5,4,2,4,3,3,4,4,3,3,4,3,4,2,4,2,4,4,32,2,"US",1,2.9,3.1,3.6,3.4,3.3
213,3,4,4,4,2,1,2,2,3,5,2,4,4,3,4,3,4,3,3,4,2,4,4,4,3,4,2,4,4,3,4,3,4,3,1,3,3,4,2,4,5,2,5,1,5,1,4,5,3,5,20,1,"HU",1,3,3.4,3.1,3.4,3.6
214,4,2,4,3,4,2,5,3,5,3,3,3,4,3,3,3,5,3,4,2,2,4,2,4,1,4,2,4,5,3,3,4,5,2,2,3,4,3,3,4,4,3,4,3,5,1,4,4,4,5,17,2,"US",1,3.5,3.1,3.3,3.3,3.7
215,1,5,3,5,2,5,1,4,4,5,3,2,4,1,1,3,3,2,3,5,4,3,4,2,4,3,4,2,2,2,3,3,3,2,2,2,3,2,2,3,4,3,3,2,3,2,3,4,5,3,25,1,"US",1,3.5,3,2.5,2.7,3.2
216,1,2,4,4,4,1,3,4,2,4,4,2,5,2,4,4,3,3,4,4,1,5,1,5,1,5,1,4,4,4,2,5,5,3,2,4,4,2,3,4,5,1,5,1,4,1,4,5,5,5,38,2,"GB",1,2.9,3.1,3.4,3.5,3.6
217,4,1,5,4,5,1,5,1,5,3,2,4,2,1,2,2,3,3,3,1,1,5,1,4,1,5,1,5,5,1,4,4,5,1,5,2,5,2,5,5,5,3,4,3,5,1,5,1,4,5,23,1,"EU",2,3.4,2.9,3.8,2.3,3.6
218,4,2,2,2,2,3,3,3,2,2,1,2,3,3,2,3,3,3,2,2,2,2,2,2,2,3,3,3,2,2,3,1,3,2,2,2,3,3,2,2,3,2,2,3,3,3,3,3,2,2,25,1,"GH",1,2.5,2.3,2.3,2.4,2.6
219,1,4,1,5,1,2,1,5,1,5,3,3,5,1,4,3,4,4,4,5,2,3,4,5,2,4,3,4,4,2,1,5,3,5,1,5,1,3,2,4,4,2,4,2,4,1,4,3,5,4,40,2,"AU",1,2.6,3.3,3,3.6,3.3
220,3,2,3,1,4,1,3,1,5,2,2,3,4,5,1,2,4,4,2,3,1,4,3,4,2,3,2,4,5,4,5,2,5,1,5,1,5,5,5,5,4,1,5,2,5,1,5,4,4,5,18,1,"GB",1,2.5,3.2,3.9,3,3.6
221,4,2,5,3,4,2,4,2,4,2,2,4,3,3,3,3,3,2,2,2,3,5,2,4,2,2,1,4,4,4,4,2,4,3,4,2,5,2,4,4,5,2,4,3,4,2,4,2,4,4,47,1,"AP",5,3.2,3.1,3.4,2.7,3.4
222,3,2,2,4,3,2,4,2,5,5,5,3,5,4,5,5,5,5,5,5,4,4,3,4,2,5,1,5,5,4,1,5,2,4,1,5,4,3,1,2,3,4,4,3,2,2,1,2,4,4,16,2,"AU",1,3.2,3.7,2.8,4.7,2.9
223,1,5,2,5,3,5,4,5,2,3,5,2,5,2,4,5,5,5,4,5,2,4,2,5,2,5,2,2,5,4,2,1,1,5,1,2,5,5,1,5,3,3,3,1,1,2,3,4,5,1,21,1,"RS",1,3.5,3.3,2.8,4.2,2.6
224,5,1,4,1,5,1,5,1,5,1,5,2,5,2,4,4,4,4,3,4,3,5,2,4,3,3,1,4,4,4,2,4,2,4,2,4,3,2,4,3,4,3,5,2,4,1,4,4,1,5,26,1,"US",1,2.9,3.3,3,3.7,3.3
225,2,2,4,3,4,3,3,4,4,3,2,3,5,3,4,3,2,2,3,4,1,4,1,5,2,4,2,4,4,5,3,2,5,3,2,3,5,1,4,4,3,3,4,4,4,2,3,2,4,3,50,2,"US",1,3.2,3.2,3.2,3.1,3.2
226,1,2,4,5,4,2,2,4,2,4,4,4,2,4,2,2,2,2,4,2,1,4,2,4,2,3,2,4,4,3,2,4,4,3,2,4,2,2,2,3,1,4,5,2,3,1,4,2,2,4,38,1,"PH",1,3,2.9,2.8,2.8,2.8
227,3,4,3,2,1,4,1,3,3,5,4,3,4,2,4,4,5,4,5,2,3,3,3,3,4,4,4,2,3,3,2,4,5,4,2,4,4,2,2,4,3,1,5,1,5,1,5,2,5,4,31,2,"ZA",1,2.9,3.2,3.3,3.7,3.2
228,3,2,4,4,1,5,4,4,3,3,3,4,3,2,3,3,3,3,3,2,2,4,2,4,3,4,1,3,4,3,2,2,5,3,2,1,5,2,4,4,4,3,4,2,4,1,5,4,3,4,36,2,"US",1,3.3,3,3,2.9,3.4
229,1,5,5,1,1,2,1,1,5,5,1,5,5,5,1,1,3,1,1,5,1,5,1,5,1,5,1,5,5,5,3,2,5,1,5,5,1,1,3,2,1,5,2,1,3,3,4,1,2,4,23,1,"IN",1,2.7,3.4,2.8,2.8,2.6
230,2,4,3,3,4,2,2,4,2,5,3,3,3,2,3,3,3,4,3,4,1,4,1,4,1,3,3,3,4,3,2,1,5,2,4,2,2,3,4,3,2,2,4,3,4,3,4,2,4,3,25,2,"IN",1,3.1,2.7,2.8,3.1,3.1
231,4,1,5,2,4,1,3,2,4,3,5,2,5,2,4,5,3,3,4,3,1,5,2,4,2,3,2,4,4,4,5,3,4,3,4,3,4,3,4,4,4,3,3,3,4,3,5,2,3,4,25,2,"AU",1,2.9,3.1,3.7,3.6,3.4
232,1,4,1,5,1,5,1,2,5,5,3,4,3,2,4,3,3,3,3,4,2,4,1,5,2,5,1,3,5,4,5,1,5,1,2,1,1,2,4,3,2,3,5,2,5,1,4,1,4,5,26,2,"NP",1,3,3.2,2.5,3.2,3.2
233,1,1,4,3,5,2,2,5,1,3,1,3,2,2,2,1,2,1,1,3,1,4,1,3,2,2,2,2,2,2,1,3,2,3,2,4,2,2,1,2,4,1,5,1,4,1,5,2,5,5,43,1,"US",1,2.7,2.1,2.2,1.8,3.3
234,2,2,3,4,3,3,3,4,3,3,5,3,3,2,4,4,4,4,4,3,3,4,1,4,1,4,2,4,4,3,3,3,4,3,3,3,4,2,2,4,3,2,3,3,2,2,4,3,3,2,22,2,"TR",5,3,3,3.1,3.6,2.7
235,2,3,3,2,3,2,2,5,1,5,4,4,4,1,3,4,2,1,3,1,1,2,2,4,2,5,3,5,4,4,5,1,4,1,4,1,5,2,5,4,3,4,3,4,4,2,5,2,4,4,17,2,"US",2,2.8,3.2,3.2,2.7,3.5
236,3,2,4,5,4,1,4,4,4,4,3,2,4,3,4,5,4,2,3,4,4,5,2,4,3,4,3,4,4,3,3,4,4,5,4,4,3,4,5,5,4,5,4,4,4,1,5,4,5,5,28,2,"RO",1,3.5,3.6,4.1,3.4,4.1
237,4,2,4,4,4,2,4,4,4,4,2,4,4,4,2,1,2,1,4,1,1,4,2,5,2,4,1,4,4,4,2,2,5,4,2,4,4,2,4,4,5,1,5,2,4,1,4,5,4,5,16,1,"US",1,3.6,3.1,3.3,2.5,3.6
238,1,3,2,4,4,3,4,5,2,4,5,2,5,4,2,5,4,4,4,2,3,3,4,2,3,3,2,1,2,3,4,3,3,4,4,4,4,4,5,4,4,2,4,2,3,2,5,3,4,2,30,1,"BG",1,3.2,2.6,3.9,3.7,3.1
239,4,4,5,1,5,2,5,3,4,2,2,4,4,3,2,2,3,1,2,1,2,5,1,4,2,5,1,5,4,5,3,3,3,2,2,2,2,3,3,3,2,2,4,3,4,2,4,1,4,3,31,1,"US",5,3.5,3.4,2.6,2.4,2.9
240,2,4,5,3,5,2,5,4,4,3,1,4,2,3,2,1,2,1,1,1,1,5,1,5,1,4,1,4,4,4,4,2,2,1,4,3,3,1,3,4,5,1,4,1,5,1,5,4,5,5,68,2,"US",1,3.7,3,2.7,1.8,3.6
241,3,3,5,5,4,1,5,5,1,5,4,3,4,4,1,4,3,1,2,1,5,5,1,5,1,4,1,5,5,5,3,5,3,3,3,2,2,2,4,3,5,3,5,4,3,1,4,2,5,4,21,2,"AU",1,3.7,3.7,3,2.7,3.6
242,1,1,2,3,5,1,3,3,2,2,5,1,5,2,1,5,3,3,5,4,3,2,3,4,2,3,3,4,4,4,1,3,1,3,1,5,3,3,1,3,1,3,5,3,5,1,3,1,2,5,19,1,"US",2,2.3,3.2,2.4,3.4,2.9
243,4,5,3,5,3,5,3,5,1,5,3,5,4,3,5,3,5,5,3,3,1,5,1,5,3,5,1,5,5,5,4,1,5,3,3,1,5,1,3,3,2,3,5,3,5,1,3,1,5,5,27,1,"NZ",2,3.9,3.6,2.9,3.9,3.3
244,1,4,3,5,3,4,2,5,1,4,3,5,5,2,3,2,4,3,3,5,2,2,1,4,2,5,4,4,2,5,2,1,5,2,4,1,5,4,2,5,4,1,5,2,4,1,4,4,4,4,23,2,"US",1,3.2,3.1,3.1,3.5,3.3
245,4,2,4,2,4,2,3,3,2,2,4,3,5,2,4,4,4,4,4,3,1,3,3,3,3,3,3,4,4,3,5,1,5,3,3,1,5,3,3,4,4,3,5,1,4,1,3,4,4,4,34,2,"US",5,2.8,3,3.3,3.7,3.3
246,2,2,5,4,4,2,4,2,2,2,1,4,4,4,2,5,2,1,2,1,2,5,2,4,2,4,2,4,4,4,4,1,5,2,4,1,4,1,4,3,2,3,2,2,4,4,5,2,4,5,52,1,"GB",1,2.9,3.3,2.9,2.6,3.3
247,2,3,2,4,4,2,2,4,2,4,4,2,4,2,1,2,2,1,2,4,2,4,4,4,3,3,3,4,4,2,4,2,4,4,1,2,4,3,2,3,4,1,4,2,4,2,4,4,4,3,24,2,"FI",1,2.9,3.3,2.9,2.4,3.2
248,2,4,3,3,3,3,3,3,4,4,2,4,4,2,2,3,4,2,2,3,3,4,1,4,2,3,3,4,4,4,5,2,5,1,3,1,5,1,4,4,5,1,4,1,5,2,5,5,5,5,64,1,"US",2,3.2,3.2,3.1,2.8,3.8
249,3,2,3,2,3,2,2,3,3,4,4,4,4,3,4,4,4,4,4,3,4,4,4,4,1,3,2,5,4,3,1,5,4,5,1,5,2,2,3,3,5,1,5,1,5,1,5,5,4,5,16,2,"US",5,2.7,3.4,3.1,3.8,3.7
250,3,4,4,4,4,3,4,4,4,3,3,4,4,4,3,3,3,3,4,4,4,4,3,4,4,4,4,3,4,3,4,3,4,3,4,3,3,3,4,3,4,3,3,3,4,3,3,3,4,4,19,2,"MY",5,3.7,3.7,3.4,3.5,3.4
251,3,5,2,5,3,3,1,4,4,5,5,3,5,3,2,5,5,5,4,3,4,2,4,4,2,4,4,4,4,4,3,1,5,3,2,2,5,2,5,4,5,4,4,3,3,1,5,5,5,3,15,2,"IN",1,3.5,3.6,3.2,4,3.8
252,4,3,5,3,4,5,5,2,1,3,4,4,3,2,4,3,5,4,2,4,3,5,2,4,2,3,1,4,5,4,2,3,4,3,3,5,3,3,2,4,1,2,4,3,3,1,4,1,5,2,27,2,"IN",1,3.5,3.3,3.2,3.5,2.6
253,3,1,4,3,3,2,3,3,4,3,4,3,5,3,4,3,3,3,4,2,5,4,4,4,3,3,3,3,3,3,2,4,2,4,2,3,3,3,3,2,3,3,3,4,2,3,3,2,2,2,15,2,"GB",2,2.9,3.5,2.8,3.4,2.7
254,4,2,3,4,4,3,4,4,4,2,3,4,3,3,2,3,3,4,2,4,4,4,1,3,3,5,2,3,4,4,3,2,3,2,3,2,3,3,3,3,3,3,4,3,3,2,3,2,4,3,19,2,"PK",1,3.4,3.3,2.7,3.1,3
255,3,1,4,3,5,1,4,3,3,3,4,4,4,2,3,3,3,3,3,3,2,5,3,5,2,4,1,4,5,4,4,1,5,3,2,1,5,1,5,5,4,1,5,2,5,1,4,4,5,5,34,2,"GB",1,3,3.5,3.2,3.2,3.6
256,5,3,5,4,5,4,4,5,1,3,2,4,3,2,2,1,3,4,1,1,4,5,1,3,1,1,1,2,3,5,3,2,4,3,2,4,5,4,4,3,4,2,3,1,2,4,5,2,4,2,19,2,"SA",4,3.9,2.6,3.4,2.3,2.9
257,2,3,2,3,2,4,1,2,4,4,3,4,5,2,4,3,2,2,2,4,1,3,1,5,4,5,4,2,4,5,3,2,4,2,2,4,4,2,2,3,4,4,4,4,2,2,4,2,4,2,43,1,"IN",1,2.7,3.4,2.8,3.1,3.2
258,5,1,5,3,5,2,5,4,3,2,5,2,5,4,5,5,5,5,5,4,5,5,3,5,3,3,2,2,5,5,2,2,2,5,4,4,3,3,4,3,3,2,5,2,5,2,4,4,4,5,28,2,"IN",1,3.5,3.8,3.2,4.5,3.6
259,3,1,4,4,5,2,2,4,2,5,2,4,3,3,2,3,4,3,1,1,5,5,4,5,2,5,3,5,5,5,3,4,4,4,1,4,4,3,3,3,4,2,3,2,3,2,4,4,5,4,18,1,"PH",1,3.2,4.4,3.3,2.6,3.3
260,4,2,5,2,5,2,5,4,4,2,3,4,2,4,2,2,2,2,2,2,2,5,2,2,2,2,2,4,2,4,4,3,2,2,2,2,2,2,2,2,4,1,4,1,4,2,5,5,2,5,52,2,"GB",1,3.5,2.7,2.3,2.5,3.3
261,5,1,1,1,5,1,5,1,3,2,1,4,2,4,1,2,1,1,1,1,1,5,1,5,1,4,1,5,5,4,4,4,4,1,5,4,4,1,5,1,4,1,5,1,5,1,5,1,4,5,41,1,"AP",5,2.5,3.2,3.3,1.8,3.2
262,5,1,5,5,5,1,5,1,5,5,1,5,1,5,1,1,1,1,1,5,5,5,1,1,1,5,5,5,5,5,1,1,5,1,1,1,1,5,5,5,5,1,5,5,5,1,5,5,1,5,23,1,"IN",1,3.8,3.8,2.6,2.2,3.8
263,3,2,3,3,4,3,3,5,3,3,3,5,2,4,2,2,4,1,3,1,2,4,1,3,3,3,2,5,4,5,4,1,5,1,3,1,5,2,2,5,3,1,5,1,4,1,4,1,5,4,23,1,"GH",1,3.2,3.2,2.9,2.7,2.9
264,1,3,3,4,2,3,1,3,3,5,2,4,3,3,3,2,2,1,4,2,2,4,3,4,1,4,3,5,3,3,3,4,4,2,2,3,4,3,2,3,5,2,5,2,4,2,4,4,5,4,19,2,"US",1,2.8,3.2,3,2.6,3.7
265,1,2,4,5,3,2,1,5,1,5,4,2,5,2,1,4,3,2,3,3,2,3,2,5,2,5,3,5,3,2,2,3,4,2,3,5,2,2,2,3,3,4,4,3,2,2,1,2,4,3,17,2,"GB",2,2.9,3.2,2.8,2.9,2.8
266,3,1,5,2,5,2,5,2,5,2,5,3,4,4,3,4,2,2,4,2,1,5,1,5,1,5,2,3,5,3,4,5,2,2,3,5,5,1,4,4,5,2,4,2,4,2,5,4,4,4,23,2,"NO",2,3.2,3.1,3.5,3.3,3.6
267,1,3,5,3,5,1,3,5,3,2,1,4,1,4,1,2,1,1,1,1,1,5,1,5,1,3,1,5,5,4,3,2,5,1,4,1,4,1,3,3,5,1,4,1,4,1,4,2,5,5,39,2,"US",2,3.1,3.1,2.7,1.7,3.2
268,3,3,3,3,3,2,4,3,3,3,4,2,5,1,4,4,5,5,3,5,2,4,2,4,2,4,2,4,3,3,3,2,4,3,1,2,4,3,3,3,5,1,5,1,4,1,3,5,4,5,49,2,"US",1,3,3,2.8,3.8,3.4
269,3,4,3,3,1,2,1,2,3,5,4,4,3,2,3,2,4,4,3,4,4,3,4,2,4,2,4,2,2,3,4,4,5,2,4,4,5,3,4,5,4,1,5,1,4,1,5,3,5,5,21,1,"US",5,2.7,3,4,3.3,3.4
270,5,1,5,3,4,1,5,3,5,3,2,4,4,3,3,3,3,2,3,2,5,5,2,5,3,5,2,4,5,5,3,3,5,4,3,4,3,3,2,4,4,3,5,2,5,1,5,3,4,5,30,2,"PH",1,3.5,4.1,3.4,2.9,3.7
271,3,1,4,5,3,1,1,1,4,5,3,2,4,2,3,3,4,4,3,2,1,5,2,4,1,4,1,3,4,5,2,3,4,3,3,3,3,2,1,4,2,3,4,3,5,2,3,1,2,3,28,2,"OM",1,2.8,3,2.8,3,2.8
272,2,4,3,4,2,4,2,4,4,4,2,4,1,4,1,1,1,1,1,1,5,3,2,1,5,1,4,3,2,3,4,3,4,2,2,4,4,3,2,3,4,3,3,3,4,2,4,4,5,5,27,1,"PH",1,3.3,2.9,3.1,1.7,3.7
273,3,3,4,3,4,3,3,4,4,3,2,4,3,3,3,2,3,3,2,2,2,3,2,4,2,3,3,4,4,4,4,4,3,4,2,4,2,2,2,3,3,4,4,2,4,4,3,3,3,4,27,2,"US",5,3.4,3.1,3,2.7,3.4
274,4,2,4,2,4,1,5,1,5,3,5,2,4,4,1,5,5,3,3,3,1,5,2,5,1,5,1,5,5,5,3,4,4,3,3,3,4,3,4,5,2,3,5,3,5,1,3,1,5,5,19,2,"US",1,3.1,3.5,3.6,3.5,3.3
275,1,3,2,4,2,4,1,5,1,5,5,2,5,2,5,3,4,2,2,4,1,3,1,4,1,4,2,5,5,4,2,4,4,3,2,2,5,3,4,4,3,3,4,3,3,2,3,3,5,4,16,2,"US",1,2.8,3,3.3,3.4,3.3
276,2,3,4,3,2,3,1,4,3,4,3,5,1,3,1,1,2,1,1,2,1,2,1,5,5,4,3,3,3,3,4,4,4,3,2,3,3,4,1,4,5,1,4,2,4,2,5,5,4,4,21,1,"US",1,2.9,3,3.2,2,3.6
277,2,1,3,2,4,1,2,2,2,3,4,2,5,1,5,5,4,5,4,5,2,2,4,3,3,3,3,3,1,4,3,4,5,4,1,4,3,4,2,4,5,1,5,1,5,2,5,5,3,5,30,1,"LV",5,2.2,2.8,3.4,4,3.7
278,3,5,4,5,5,5,2,4,5,5,1,3,5,5,2,2,5,4,2,4,5,5,2,5,2,4,2,5,5,4,4,2,5,4,4,4,5,2,3,5,4,2,5,2,5,1,5,4,5,5,26,1,"IN",1,4.3,3.9,3.8,3.3,3.8
279,3,1,2,2,4,1,2,2,5,5,1,5,4,3,4,1,2,1,4,1,1,5,4,2,2,3,4,3,4,3,2,5,1,4,1,5,1,4,1,2,5,1,5,1,5,1,5,4,4,5,31,1,"CA",2,2.7,3.1,2.6,2.6,3.6
280,3,2,5,1,5,2,5,3,4,3,2,4,4,3,2,1,2,2,1,2,1,4,2,5,2,5,2,3,5,5,4,4,4,1,4,4,3,3,3,5,4,2,4,2,3,2,4,3,5,4,36,1,"PT",1,3.3,3.4,3.5,2.3,3.3
281,1,5,1,5,1,5,1,4,3,4,3,3,3,4,3,3,2,1,3,4,4,2,3,3,4,2,4,1,2,3,3,2,3,1,3,2,4,3,3,2,2,1,4,3,5,1,3,1,4,5,18,2,"GB",1,3,2.8,2.6,2.9,2.9
282,3,1,5,2,5,1,5,2,5,2,5,3,5,2,4,5,4,4,5,3,1,5,4,5,1,5,1,3,5,4,4,4,4,3,5,4,4,4,4,3,5,2,5,1,5,1,4,5,5,5,34,2,"US",1,3.1,3.4,3.9,4,3.8
283,1,5,2,4,1,3,1,4,1,5,5,2,4,1,1,3,3,3,3,4,2,3,1,4,1,2,2,3,1,3,3,3,3,3,2,2,5,2,3,3,5,1,2,1,3,4,4,4,4,4,26,2,"US",1,2.7,2.2,2.9,2.9,3.2
284,2,2,4,2,4,2,4,3,3,2,2,3,2,4,3,3,3,3,3,2,1,4,2,4,2,3,4,3,4,4,5,1,5,1,5,1,5,1,5,5,3,2,4,2,5,1,4,3,4,5,56,2,"US",2,2.8,3.1,3.4,2.8,3.3
285,2,3,2,3,4,3,3,3,2,5,3,3,4,2,2,3,3,2,2,5,1,4,1,4,2,5,2,4,5,5,3,4,5,2,3,4,4,2,3,5,4,2,4,3,4,2,4,3,5,3,48,2,"US",1,3,3.3,3.5,2.9,3.4
286,3,5,2,5,2,5,3,5,2,5,3,5,4,2,1,1,2,1,2,2,3,3,1,2,3,3,3,4,2,3,5,2,5,2,2,1,5,2,3,4,4,1,4,1,3,2,4,3,3,3,18,1,"US",1,3.7,2.7,3.1,2.3,2.8
287,3,2,5,3,3,2,5,3,3,2,3,4,3,1,2,2,2,2,3,4,2,4,2,4,2,4,2,4,2,4,2,4,3,2,2,4,4,4,3,3,4,2,4,2,3,2,4,3,4,3,23,1,"US",1,3.1,3,3.1,2.6,3.1
288,3,3,5,5,4,2,5,2,5,5,2,2,4,3,4,3,3,3,3,2,5,4,1,4,2,5,1,5,5,5,4,1,5,3,3,1,5,3,5,5,2,4,5,2,4,1,5,2,5,5,23,2,"IN",1,3.9,3.7,3.5,2.9,3.5
289,4,2,4,3,5,3,4,4,3,4,3,3,3,3,3,4,4,1,1,2,3,4,3,3,3,5,2,4,5,4,3,4,4,4,3,4,4,1,4,3,5,1,5,2,4,1,4,5,4,5,21,2,"PL",5,3.6,3.6,3.4,2.7,3.6
290,1,3,3,5,3,2,2,5,2,5,5,3,5,1,3,3,5,5,5,5,1,5,3,5,1,3,1,5,5,4,3,2,5,3,4,2,4,3,3,3,5,3,5,1,4,1,3,5,5,5,17,2,"US",1,3.1,3.3,3.2,4,3.7
291,4,2,4,3,4,3,5,3,2,2,4,3,5,1,5,5,5,5,4,4,1,5,2,5,2,5,1,4,5,4,3,2,5,3,2,4,4,3,3,4,4,3,5,3,3,1,4,3,5,4,24,2,"GB",2,3.2,3.4,3.3,4.1,3.5
292,5,1,4,2,5,2,4,5,4,4,5,2,4,4,4,4,5,5,5,4,5,4,1,5,4,4,2,4,4,5,3,2,5,3,2,2,4,2,2,4,3,4,4,1,4,2,5,3,5,4,27,2,"IN",1,3.6,3.8,2.9,4.2,3.5
293,4,3,5,1,5,1,5,1,5,5,2,4,4,2,2,1,2,1,1,1,2,5,2,5,1,4,1,5,4,4,4,2,5,1,4,2,4,3,1,4,3,2,4,2,5,1,5,2,4,5,16,1,"US",1,3.5,3.3,3,2,3.3
294,1,5,1,5,1,5,1,3,2,5,4,4,3,3,1,1,4,4,2,4,5,3,1,1,1,1,4,1,1,3,5,2,2,3,2,5,2,2,2,3,5,2,5,2,4,1,4,2,4,5,14,1,"US",1,2.9,2.1,2.8,3,3.4
295,1,3,3,5,3,4,3,5,1,5,3,3,5,2,3,4,3,3,2,3,1,5,1,5,1,5,1,5,5,4,3,5,4,3,4,2,5,3,3,2,1,4,3,2,5,3,5,2,3,4,75,2,"US",1,3.3,3.3,3.4,3.1,3.2
296,1,3,4,4,4,4,2,5,3,5,5,3,5,1,4,5,3,3,4,5,1,5,1,5,2,5,1,5,5,5,2,5,3,3,1,4,3,2,1,4,1,5,1,5,3,4,1,1,5,2,49,2,"US",1,3.5,3.5,2.8,3.8,2.8
297,2,4,3,3,3,4,2,4,1,4,3,4,4,2,4,3,3,3,4,3,2,3,3,4,3,4,3,4,4,3,4,4,4,2,2,3,3,4,3,4,3,2,4,2,4,1,4,3,5,4,24,1,"IE",1,3,3.3,3.3,3.3,3.2
298,1,5,2,3,2,2,3,5,3,3,2,2,2,5,1,1,1,1,1,1,1,5,1,3,1,5,1,5,5,3,2,1,2,1,5,1,5,1,5,2,2,1,5,1,3,1,2,3,5,5,64,2,"US",2,2.9,3,2.5,1.7,2.8
299,2,4,2,4,4,2,2,4,2,4,4,4,4,2,2,2,2,2,2,2,2,4,1,5,1,5,2,4,5,4,4,4,4,2,4,1,4,2,4,4,2,2,4,2,4,2,4,4,4,4,20,2,"MY",2,3,3.3,3.3,2.6,3.2
300,3,3,5,3,3,3,3,3,3,5,1,5,2,3,3,2,5,3,2,1,1,5,2,4,1,5,1,4,5,4,2,5,4,1,5,4,3,1,5,3,4,3,5,2,3,2,3,2,5,3,18,1,"GB",5,3.4,3.2,3.3,2.7,3.2
301,3,4,2,3,2,3,4,4,4,5,5,3,4,2,4,3,4,4,3,3,2,5,2,4,1,4,2,4,4,3,4,4,4,4,3,4,4,4,3,5,4,2,5,1,4,2,5,4,4,4,19,2,"CA",1,3.4,3.1,3.9,3.5,3.5
302,3,3,3,3,3,4,3,3,3,5,5,3,4,3,4,5,3,3,4,3,4,3,2,3,3,5,3,3,3,5,3,3,2,3,3,2,4,2,3,3,3,2,3,3,3,3,3,3,5,3,20,2,"US",1,3.3,3.4,2.8,3.7,3.1
303,1,5,1,5,2,4,2,4,2,4,5,5,5,2,5,5,5,2,5,4,2,2,2,1,5,4,5,3,1,1,3,4,4,4,4,2,5,3,2,3,5,3,3,3,4,4,5,3,5,4,18,1,"US",1,3,2.6,3.4,4.3,3.9
304,1,3,4,3,5,3,2,2,5,2,2,5,2,5,1,1,1,1,3,1,4,4,5,3,3,5,2,4,3,3,4,2,4,1,5,1,2,1,2,4,5,1,4,2,5,3,5,5,4,4,17,1,"US",1,3,3.6,2.6,2.2,3.8
305,1,4,3,3,3,3,2,3,2,5,4,3,4,3,2,3,5,3,3,3,1,4,1,5,3,5,3,5,5,3,1,2,5,3,3,5,5,3,3,4,3,3,5,3,5,1,5,2,5,5,33,2,"(nu",2,2.9,3.5,3.4,3.3,3.7
306,4,2,4,2,4,2,4,2,5,2,4,2,1,2,2,3,3,2,2,4,2,4,3,5,2,4,2,4,5,4,2,5,1,2,1,4,4,2,4,3,4,1,5,1,5,5,5,4,4,5,25,1,"TH",2,3.1,3.5,2.8,2.5,3.9
307,1,3,2,4,1,2,1,5,1,5,3,2,3,4,2,2,1,1,4,1,4,2,1,2,2,3,4,2,2,2,5,3,3,3,2,3,3,3,2,3,3,2,3,2,4,1,5,2,5,4,34,2,"US",2,2.5,2.4,3,2.3,3.1
308,1,4,2,5,2,2,1,5,3,5,4,4,4,3,3,4,3,3,4,3,1,3,3,5,2,4,2,4,4,1,3,5,3,5,1,5,2,3,4,4,5,2,5,2,5,1,4,5,4,5,14,2,"US",1,3,2.9,3.5,3.5,3.8
309,3,3,4,3,2,3,2,5,3,4,2,5,2,4,3,3,2,1,3,1,5,2,2,1,5,1,5,2,1,3,4,2,4,1,4,1,5,3,4,4,5,1,5,1,4,1,5,5,4,4,29,1,"CA",2,3.2,2.7,3.2,2.6,3.5
310,4,2,4,2,4,2,5,3,4,3,3,3,3,4,2,2,2,2,2,2,3,4,2,4,3,4,2,4,4,3,3,3,5,3,3,2,3,3,3,3,2,3,5,2,4,1,3,3,3,4,21,2,"US",5,3.3,3.3,3.1,2.5,3
311,3,3,3,3,3,4,2,2,4,3,4,2,4,2,4,4,4,4,4,4,2,4,2,3,3,3,3,3,4,3,2,3,3,4,2,2,3,3,2,2,4,1,3,2,4,2,3,2,4,4,30,2,"IN",1,3,3,2.6,3.6,2.9
312,1,4,1,3,4,4,1,5,5,5,5,1,5,5,5,5,1,4,5,1,3,4,1,5,2,5,4,1,4,3,4,2,5,5,4,1,5,2,1,4,5,4,5,4,5,1,4,4,3,4,22,1,"BD",5,3.3,3.2,3.3,3.7,3.9
313,3,3,4,2,3,3,4,2,4,3,4,4,3,3,2,3,2,2,2,2,2,5,1,4,2,4,1,4,5,5,3,3,4,2,3,2,4,3,4,4,4,2,5,1,4,1,4,4,5,5,16,2,"AU",1,3.1,3.3,3.2,2.7,3.5
314,1,5,2,5,2,4,1,4,2,4,2,4,1,4,5,4,5,4,2,2,4,2,5,1,5,1,4,2,1,4,3,4,4,3,1,4,3,4,1,4,5,1,4,2,4,1,4,4,5,4,16,1,"CA",1,3,2.9,3.1,3.3,3.4
315,2,4,4,2,3,3,1,1,5,5,3,1,5,3,2,3,2,2,2,3,1,4,1,3,3,3,2,4,5,3,5,2,5,2,4,1,4,1,4,4,5,2,3,2,5,1,4,2,5,4,38,1,"MX",2,3,2.9,3.2,2.6,3.3
316,5,2,4,4,5,2,4,2,5,2,2,2,3,2,3,2,4,3,2,3,4,5,4,1,5,1,4,4,1,2,3,3,5,2,4,1,3,5,4,4,3,1,4,1,5,1,4,5,4,4,22,2,"CN",5,3.5,3.1,3.4,2.6,3.2
317,1,1,4,5,4,4,1,5,3,5,4,5,5,1,5,5,5,2,5,5,1,5,5,5,1,4,1,4,4,3,4,5,5,3,3,5,4,3,4,3,4,3,5,3,5,1,5,4,3,5,14,1,"US",2,3.3,3.3,3.9,4.2,3.8
318,2,2,3,3,5,2,2,3,4,5,2,3,4,3,3,3,3,2,3,3,4,3,2,4,2,5,4,4,5,5,3,3,3,2,3,4,3,3,2,3,4,2,3,2,4,1,5,4,5,5,14,1,"PH",1,3.1,3.8,2.9,2.9,3.5
319,5,1,1,1,1,1,1,1,5,5,5,1,5,5,5,1,5,5,5,5,5,4,5,5,5,1,5,1,5,3,1,5,1,5,1,5,5,5,1,3,3,5,5,5,1,1,5,5,5,1,20,2,"LK",1,2.2,3.9,3.2,4.2,3.6
320,4,1,3,1,5,1,4,3,4,1,5,1,5,2,4,4,4,4,5,3,1,3,3,4,2,3,2,4,4,5,4,2,5,3,3,2,5,1,5,4,4,3,4,4,4,1,5,3,4,4,40,2,"US",1,2.7,3.1,3.4,3.7,3.6
321,5,1,5,1,5,1,5,4,5,4,1,3,2,4,4,5,4,4,4,1,2,4,5,1,5,3,1,3,1,5,1,5,2,4,1,1,3,5,1,3,5,1,5,2,5,1,4,4,4,5,14,2,"GB",1,3.6,3,2.6,3.2,3.6
322,1,5,1,4,3,4,1,4,1,1,5,1,4,2,4,4,4,5,4,4,3,3,1,5,2,5,4,2,5,4,4,2,5,2,4,2,2,2,4,4,2,2,4,2,5,2,4,3,4,5,34,1,"IN",1,2.5,3.4,3.1,3.7,3.3
323,1,5,3,5,2,2,2,5,2,5,5,3,4,3,3,3,2,2,3,2,2,4,2,4,2,5,3,4,4,3,2,4,3,4,2,4,5,3,3,4,4,2,5,2,5,1,4,3,4,5,13,2,"US",1,3.2,3.3,3.4,3,3.5
324,1,1,4,4,4,1,1,5,1,3,4,4,5,2,1,3,1,1,2,1,1,5,1,5,1,5,1,5,5,3,5,1,4,1,5,1,5,1,5,2,4,1,2,4,4,5,3,1,2,3,48,2,"US",1,2.5,3.2,3,2.4,2.9
325,1,4,3,5,1,5,1,5,1,5,4,5,5,1,1,1,2,1,1,1,1,5,1,5,1,5,1,3,5,2,3,1,5,2,2,4,4,4,1,3,5,1,5,2,3,3,1,1,5,3,20,1,"PK",1,3.1,2.9,2.9,2.2,2.9
326,1,4,5,1,1,1,1,1,5,5,1,5,1,5,1,1,1,1,1,1,1,1,4,5,5,5,5,2,5,5,5,5,5,1,5,1,5,1,5,5,5,1,5,1,5,1,5,1,1,5,23,1,"PH",1,2.5,3.8,3.8,1.8,3
327,4,1,5,4,5,1,5,2,2,1,4,1,5,2,5,5,5,5,5,5,1,5,2,5,1,2,1,5,5,5,1,5,1,4,1,5,1,4,1,1,4,1,5,2,5,1,5,5,1,5,33,2,"ZA",1,3,3.2,2.4,4.2,3.4
328,3,2,5,3,3,2,2,4,3,3,4,4,5,4,2,2,1,1,3,2,1,5,2,4,1,5,1,4,3,4,3,1,3,2,2,3,5,2,5,5,2,2,4,3,3,1,5,3,4,4,19,2,"US",1,3,3,3.1,2.8,3.1
329,4,4,4,4,4,2,3,4,1,1,4,4,4,4,1,2,2,2,5,1,1,4,1,4,3,3,1,4,3,5,2,2,4,4,1,4,3,2,3,3,2,2,4,2,3,1,4,2,3,5,20,2,"US",5,3.1,2.9,2.8,2.9,2.8
330,2,1,4,1,3,1,3,3,4,2,4,2,4,2,4,3,3,1,3,2,1,5,3,5,2,4,1,4,4,2,4,3,3,3,4,3,4,3,4,3,4,2,2,3,4,5,3,4,3,2,19,2,"CA",5,2.4,3.1,3.4,2.8,3.2
331,1,3,2,4,2,4,1,2,1,4,3,3,4,3,2,2,2,2,1,3,1,5,1,5,1,5,1,5,5,5,4,3,5,2,4,2,4,1,4,3,4,2,4,2,3,1,5,4,5,5,58,2,"US",2,2.4,3.4,3.2,2.5,3.5
332,4,2,4,2,4,2,2,3,5,2,3,3,4,2,4,2,3,2,4,2,1,5,1,5,1,3,1,2,5,4,4,1,5,1,2,1,5,1,5,5,5,1,2,2,5,1,5,5,5,5,38,2,"US",2,3,2.8,3,2.9,3.6
333,4,1,5,1,5,1,5,2,5,1,3,3,3,3,2,1,2,1,2,1,1,5,1,5,1,5,1,5,5,4,4,2,5,2,4,1,4,1,5,4,4,1,5,1,5,1,5,4,5,5,18,2,"US",4,3,3.3,3.2,2.1,3.6
334,1,1,4,4,5,1,1,1,5,3,5,5,3,3,5,5,5,5,2,4,5,5,1,4,1,5,1,5,5,5,3,5,4,5,3,5,5,3,3,5,3,1,5,1,3,5,5,3,5,4,17,2,"PH",2,2.6,3.7,4.1,4.2,3.5
335,4,1,4,1,5,1,5,2,4,1,4,2,4,4,2,2,2,1,2,1,1,5,2,5,5,4,1,5,4,4,2,2,4,1,5,2,5,1,5,4,4,4,2,4,4,2,4,4,2,4,24,2,"US",2,2.8,3.6,3.1,2.4,3.4
336,2,3,3,4,4,3,3,4,4,4,3,3,4,2,2,2,2,3,3,4,3,4,3,3,2,2,2,3,2,2,2,4,4,4,2,4,4,4,3,4,4,1,4,1,4,2,4,4,5,4,22,1,"(nu",1,3.4,2.6,3.5,2.8,3.3
337,1,3,3,3,2,4,2,3,3,4,2,4,3,1,5,3,2,5,3,5,3,4,2,4,3,4,2,3,4,4,1,3,3,5,2,3,3,4,2,4,3,4,3,2,3,2,4,2,3,4,30,1,"IN",1,2.8,3.3,3,3.3,3
338,1,5,2,3,2,5,1,5,1,4,2,5,4,2,4,2,5,4,2,2,4,4,1,4,3,2,3,5,4,3,4,2,5,3,1,3,4,3,2,3,2,1,4,3,3,3,5,4,3,2,19,1,"ID",1,2.9,3.3,3,3.2,3
339,3,3,2,2,3,1,3,3,2,2,4,2,2,1,5,2,1,1,5,1,2,3,5,5,3,2,4,3,4,5,5,3,5,1,3,1,5,3,3,4,5,3,5,4,5,2,5,4,5,5,44,1,"IT",1,2.4,3.6,3.3,2.4,4.3
340,1,3,5,1,5,2,5,3,5,1,2,5,5,1,2,2,1,1,1,1,5,5,5,3,3,1,3,4,5,4,4,1,5,2,3,1,4,3,4,3,5,1,5,1,3,1,5,4,5,5,27,1,"FR",1,3.1,3.8,3,2.1,3.5
341,1,5,1,5,2,3,1,4,4,5,5,2,5,2,5,5,4,4,5,2,5,4,4,1,2,4,2,4,1,2,3,4,5,5,2,4,4,2,4,4,5,1,4,1,4,1,5,5,3,4,26,1,"PL",1,3.1,2.9,3.7,3.9,3.3
342,1,2,3,4,3,1,1,5,1,5,5,5,5,2,4,3,5,3,3,2,1,5,2,5,2,5,1,5,5,5,2,5,5,3,2,5,4,1,3,5,3,1,5,1,5,1,3,3,5,5,16,2,"US",5,2.6,3.6,3.5,3.7,3.2
343,4,5,4,3,4,5,5,4,4,5,4,5,5,4,3,5,2,1,3,4,5,4,2,5,3,4,3,5,5,4,5,1,5,3,5,2,5,3,5,3,5,2,5,2,5,1,5,5,5,5,25,2,"CA",1,4.3,4,3.7,3.6,4
344,2,3,4,3,4,3,2,4,2,4,2,4,4,4,2,2,2,2,2,1,2,4,2,4,2,4,2,4,4,3,3,3,4,1,4,2,4,2,2,4,2,4,3,2,3,3,4,2,4,3,25,1,"US",5,3.1,3.1,2.9,2.5,3
345,4,1,5,2,5,1,5,3,5,1,4,3,5,2,3,2,2,1,2,3,4,4,2,3,4,3,1,4,4,4,1,3,4,3,2,3,3,3,3,3,4,1,4,2,5,1,5,3,1,5,17,1,"US",2,3.2,3.3,2.8,2.7,3.1
346,3,1,4,2,4,2,3,2,3,4,4,4,4,4,3,3,2,2,2,1,1,5,1,5,1,4,1,5,3,3,4,2,5,2,2,2,4,1,4,4,3,2,4,2,4,2,4,3,3,3,19,2,"US",5,2.8,2.9,3,2.9,3
347,2,4,3,4,2,4,2,4,2,4,3,4,3,3,3,2,3,2,2,3,2,3,2,4,4,3,4,3,3,3,4,4,3,2,4,2,4,4,4,4,3,3,3,3,4,3,4,2,4,4,44,1,"US",1,3.1,3.1,3.5,2.8,3.3
348,5,1,5,1,5,1,5,2,5,1,1,5,5,3,3,2,2,1,1,3,2,4,2,4,2,3,2,3,4,5,5,2,5,1,1,1,5,3,5,3,5,1,3,1,4,2,5,5,5,5,17,1,"EG",5,3.1,3.1,3.1,2.6,3.6
349,4,1,5,3,5,1,5,3,2,1,4,3,4,3,2,2,3,3,2,2,1,5,2,4,2,3,1,4,4,4,3,3,5,2,3,3,2,2,3,4,5,2,5,3,4,1,4,4,4,4,20,2,"US",1,3,3,3,2.8,3.6
350,3,1,5,2,4,1,1,2,5,4,2,2,2,5,4,3,3,3,3,4,2,5,2,4,1,2,4,4,3,2,4,4,4,3,4,5,2,3,3,4,3,4,4,2,3,2,3,2,4,5,27,1,"FI",1,2.8,2.9,3.6,3.1,3.2
351,1,2,3,5,2,5,1,4,3,5,3,3,5,5,4,3,4,5,4,5,5,4,3,4,2,3,1,3,3,3,3,4,4,4,5,5,5,5,5,5,2,5,5,5,4,1,4,1,5,5,18,1,"RO",1,3.1,3.1,4.5,4.1,3.7
352,4,1,4,1,5,1,5,2,3,2,5,2,5,1,3,5,5,5,4,5,1,5,1,5,1,5,1,5,5,5,3,5,5,5,2,4,2,4,3,5,5,1,5,1,4,1,5,5,5,5,19,2,"US",1,2.8,3.4,3.8,4,3.7
353,2,2,4,4,4,1,1,2,2,5,4,1,5,1,2,2,4,4,4,4,1,5,1,5,1,2,2,5,5,5,4,2,5,1,5,1,5,1,5,5,5,1,5,1,5,1,5,5,5,5,16,2,"US",1,2.7,3.2,3.4,3.1,3.8
354,2,2,3,4,2,4,3,3,4,5,4,5,4,4,2,2,4,4,3,2,3,4,3,3,2,3,2,3,4,3,4,3,4,2,3,4,3,1,1,5,3,1,5,1,5,1,5,4,3,5,15,1,"AU",1,3.2,3,3,3.4,3.3
355,4,4,4,3,3,2,3,3,3,4,2,5,4,3,2,2,2,2,2,3,4,4,1,3,2,2,4,5,4,4,5,2,5,2,4,2,3,3,4,4,4,4,3,3,4,4,5,5,4,4,13,1,"GB",1,3.3,3.3,3.4,2.7,4
356,5,5,1,1,1,1,1,1,1,5,5,5,5,5,5,5,5,5,5,5,5,1,1,5,5,5,5,5,5,1,1,5,5,1,1,1,1,5,1,1,1,5,1,5,1,1,1,1,1,1,22,2,"PK",1,2.2,3.8,2.2,5,1.8
357,5,1,4,1,5,2,5,1,5,2,4,4,3,4,4,3,3,3,4,2,1,5,4,5,1,4,1,4,5,3,4,5,3,3,2,5,3,4,4,3,3,3,3,2,3,2,4,3,5,4,17,1,"US",5,3.1,3.3,3.6,3.4,3.2
358,4,3,4,4,3,3,1,4,1,5,2,5,4,2,2,1,1,2,1,2,1,5,2,4,1,5,1,5,5,5,4,5,1,1,2,1,1,2,1,2,3,1,3,1,4,3,4,1,5,4,19,1,"US",1,3.2,3.4,2,2.2,2.9
359,3,2,4,2,5,2,4,2,2,1,5,3,3,2,2,3,4,4,4,1,4,4,4,4,1,4,2,5,4,4,4,5,5,2,3,5,5,4,3,3,2,1,4,1,3,2,5,2,5,4,17,2,"US",1,2.7,3.6,3.9,3.1,2.9
360,3,1,4,2,5,1,4,1,5,1,5,1,5,1,5,5,5,5,5,5,2,4,2,5,4,3,2,2,4,5,3,4,4,1,3,4,5,4,4,5,1,5,5,5,5,1,2,1,5,5,22,2,"CA",1,2.7,3.3,3.7,4.2,3.5
361,2,3,3,4,4,2,2,4,3,3,3,2,4,3,4,3,4,3,4,2,2,4,4,4,2,1,2,3,4,4,2,2,4,2,2,4,4,3,4,3,5,1,4,2,4,1,4,4,4,4,16,1,"US",1,3,3,3,3.2,3.3
362,2,3,2,3,1,3,3,4,1,5,4,2,5,3,3,4,4,3,4,2,5,4,2,4,2,5,2,4,3,2,3,3,2,2,3,2,3,3,2,3,1,3,5,2,2,2,3,1,4,2,19,2,"US",1,2.7,3.3,2.6,3.4,2.5
363,4,3,4,1,4,2,4,3,4,3,1,4,3,4,3,2,2,1,1,2,2,4,1,4,1,4,1,4,4,4,5,3,4,4,5,3,4,1,4,4,5,3,5,4,5,5,5,4,4,4,60,1,"IN",2,3.2,2.9,3.7,2.3,4.4
364,5,4,5,2,4,1,5,4,4,4,5,4,2,2,4,4,2,4,4,2,5,4,1,4,4,4,4,3,4,3,2,1,5,1,3,4,4,3,2,3,2,4,4,2,4,4,3,2,5,5,35,2,"US",5,3.8,3.6,2.8,3.3,3.5
365,4,4,3,4,2,3,1,5,4,5,1,5,3,1,1,2,2,1,3,1,4,3,4,4,2,4,2,5,2,4,3,3,5,3,1,4,4,4,2,3,5,2,5,1,5,1,4,4,5,5,17,1,"US",5,3.5,3.4,3.2,2,3.7
366,1,5,2,5,2,5,1,5,1,5,4,2,5,1,4,4,5,5,4,4,4,2,3,3,3,3,3,3,2,1,3,4,3,4,2,3,4,4,3,3,3,5,4,5,1,1,3,2,3,2,18,1,"HK",5,3.2,2.7,3.3,3.8,2.9
367,3,2,4,2,4,2,4,2,4,2,2,4,2,2,2,2,2,2,2,2,1,4,1,5,1,5,1,4,5,4,4,2,5,1,3,2,4,2,3,4,3,2,5,2,4,1,4,3,4,5,34,2,"IE",2,2.9,3.1,3,2.2,3.3
368,3,2,5,2,5,2,4,4,4,2,4,4,5,2,4,2,2,2,1,3,1,5,1,5,1,5,1,4,5,4,2,5,4,4,2,5,2,4,1,2,3,1,5,1,2,1,5,2,5,3,16,2,"IE",1,3.3,3.2,3.1,2.9,2.8
369,1,1,4,5,5,1,4,5,1,5,1,3,4,1,3,1,4,4,2,5,1,5,2,5,1,5,1,5,5,5,3,5,4,5,1,4,1,2,4,5,5,1,5,1,4,1,5,4,5,5,31,2,"CY",1,3.2,3.5,3.4,2.8,3.6
370,2,4,2,4,4,2,4,2,2,2,2,3,3,3,4,4,4,4,4,3,3,3,4,3,3,2,3,3,3,4,3,2,2,2,3,4,4,4,2,3,2,4,2,4,4,2,5,4,4,4,17,2,"PL",1,2.8,3.1,2.9,3.4,3.5
371,3,1,4,2,5,1,3,2,4,2,1,1,4,1,2,2,1,1,2,1,2,5,1,5,1,4,1,5,4,5,4,2,5,2,4,2,5,5,4,5,4,1,5,1,5,1,5,5,5,5,19,1,"US",2,2.7,3.3,3.8,1.6,3.7
372,1,5,2,5,1,4,1,4,1,5,5,3,5,3,2,5,3,3,4,3,2,4,2,4,1,5,1,4,3,3,3,4,3,4,1,5,3,3,3,3,5,3,5,3,4,1,3,5,4,5,17,2,"IT",1,2.9,2.9,3.2,3.6,3.8
373,2,4,3,4,4,2,2,4,3,5,5,2,5,1,5,5,4,2,5,5,1,4,1,4,3,5,3,4,4,5,4,5,5,3,2,4,4,3,1,4,3,4,3,3,4,3,3,3,3,5,22,2,"NZ",1,3.3,3.4,3.5,3.9,3.4
374,3,1,4,1,4,1,4,3,3,4,4,3,4,4,3,2,1,1,2,1,1,5,1,5,1,5,1,2,5,4,4,4,4,3,4,2,4,1,3,4,4,4,5,4,3,4,3,4,3,4,50,2,"GB",1,2.8,3,3.3,2.5,3.8
375,2,3,3,4,2,3,1,4,2,4,1,4,2,3,1,1,3,1,1,2,5,3,4,5,5,1,4,3,1,3,3,2,3,1,2,1,2,3,3,3,4,3,4,2,4,1,3,4,4,4,16,1,"US",1,2.8,3.4,2.3,1.9,3.3
376,3,2,3,3,4,3,3,1,5,2,4,2,3,2,4,4,5,5,4,3,4,2,4,1,2,2,2,1,1,2,3,3,3,3,3,3,3,2,3,4,5,2,4,3,5,1,5,5,3,5,17,1,"MY",1,2.9,2.1,3,3.6,3.8
377,3,3,1,4,4,1,1,4,3,4,4,2,4,2,2,4,3,2,5,4,4,1,5,1,5,2,5,2,4,5,5,1,2,4,2,5,4,2,4,5,5,1,5,1,5,1,5,5,5,5,17,2,"US",2,2.8,3.4,3.4,3.2,3.8
378,3,1,3,3,3,1,3,4,3,2,5,2,5,1,4,4,5,4,4,5,1,4,2,5,2,5,2,5,4,4,3,5,4,3,1,5,4,3,3,3,5,1,5,2,5,1,5,5,5,5,30,2,"US",3,2.6,3.4,3.4,3.9,3.9
379,4,2,4,1,4,4,4,3,4,2,1,5,1,5,1,1,2,1,3,1,1,3,2,2,3,3,2,3,3,4,4,4,4,2,3,3,3,1,3,3,4,2,5,4,4,2,4,2,3,4,45,1,"US",5,3.2,2.6,3,2.1,3.4
380,2,3,4,2,5,4,3,3,4,5,1,1,5,4,1,1,5,5,1,3,5,4,1,4,2,4,2,4,4,5,1,2,5,4,4,5,1,4,1,5,1,3,3,1,3,3,2,2,4,3,27,2,"PK",2,3.5,3.5,3.2,2.7,2.5
381,2,4,3,4,4,4,3,4,4,4,2,5,4,3,3,4,4,3,4,2,1,3,1,4,3,4,4,5,4,3,2,4,4,3,1,3,4,4,2,3,4,2,2,3,3,3,3,3,5,3,22,1,"US",1,3.6,3.2,3,3.4,3.1
382,4,3,3,2,4,1,4,4,4,4,3,2,4,2,2,2,5,5,3,3,1,5,3,5,2,4,2,4,5,4,4,5,4,4,1,4,4,4,2,4,5,1,5,1,4,1,5,5,5,5,23,1,"US",1,3.3,3.5,3.6,3.1,3.7
383,3,3,3,3,4,3,3,3,2,3,3,2,4,2,2,4,2,3,3,2,1,5,1,5,1,5,1,4,5,3,3,2,4,2,4,3,2,3,3,2,3,3,3,3,3,2,3,3,4,2,26,2,"AU",2,3,3.1,2.8,2.7,2.9
384,1,3,3,4,2,1,1,5,2,5,5,1,5,2,5,4,4,3,4,3,3,3,1,3,3,1,3,3,1,3,5,1,5,1,5,1,5,1,5,5,5,2,5,1,4,1,5,5,4,5,22,2,"IT",1,2.7,2.4,3.4,3.6,3.7
385,3,5,2,4,1,5,1,4,3,1,4,4,4,3,4,4,4,4,4,3,4,2,2,4,3,3,4,3,4,2,2,3,3,4,3,5,1,2,3,4,3,4,4,3,4,2,4,3,4,3,23,1,"IN",1,2.9,3.1,3,3.8,3.4
386,1,5,1,5,1,5,1,5,1,5,5,1,5,4,4,1,2,1,4,3,1,1,3,2,4,4,4,4,3,4,4,3,5,3,2,3,5,3,5,3,3,1,3,1,5,2,3,3,4,5,15,1,"US",1,3,3,3.6,3,3
387,2,4,5,2,3,3,4,4,4,5,3,5,4,2,1,5,5,3,2,1,1,4,1,5,1,5,1,4,5,4,2,2,5,1,4,1,5,3,5,3,3,3,4,1,5,1,4,3,4,5,29,1,"US",2,3.6,3.1,3.1,3.1,3.3
388,3,2,3,3,4,5,5,2,3,2,3,4,4,4,3,1,4,3,4,2,2,2,3,2,3,5,2,2,1,4,4,1,4,2,2,3,5,2,1,2,2,2,4,2,5,1,2,2,3,5,15,2,"US",1,3.2,2.6,2.6,3.2,2.8
389,3,3,4,3,5,3,5,4,3,1,5,3,5,2,2,3,2,3,3,5,2,5,1,5,1,5,1,5,5,5,5,1,5,1,4,1,5,1,3,5,5,3,5,4,3,1,5,5,5,5,49,2,"US",1,3.4,3.5,3.1,3.3,4.1
390,3,1,4,2,4,1,2,3,4,4,3,3,4,3,4,3,2,1,3,4,2,4,1,5,2,2,2,4,3,3,4,5,4,4,3,4,3,2,2,5,5,2,4,1,5,1,5,5,5,5,34,1,"KE",1,2.8,2.8,3.6,3,3.8
391,1,3,1,4,2,4,1,5,1,5,3,2,5,1,2,1,1,1,1,4,4,4,1,3,4,5,4,3,4,4,3,3,2,3,1,3,3,2,4,2,4,1,4,1,3,1,5,4,5,4,51,2,"US",3,2.7,3.6,2.6,2.1,3.2
392,3,1,5,1,5,1,3,2,4,2,3,2,3,4,1,3,3,3,1,1,1,5,2,5,2,5,1,5,4,4,3,4,5,2,2,4,3,3,2,5,2,3,3,2,2,4,3,3,4,3,18,2,"US",5,2.7,3.4,3.3,2.4,2.9
393,4,1,5,2,5,1,4,2,4,2,3,3,4,4,4,2,2,2,2,2,1,5,2,5,1,5,1,4,5,4,2,4,3,3,2,4,2,2,3,2,5,2,5,1,4,1,5,5,4,5,37,2,"CA",2,3,3.3,2.7,2.8,3.7
394,5,1,5,2,5,1,5,1,5,2,3,3,4,3,3,4,4,3,5,3,4,5,4,3,3,4,2,4,4,3,5,4,4,2,1,1,4,3,5,3,4,2,5,3,5,1,4,3,5,5,16,2,"US",1,3.2,3.6,3.2,3.5,3.7
395,2,5,2,5,2,3,1,4,1,4,2,5,3,2,2,1,1,1,1,1,2,3,2,4,2,4,2,3,3,3,3,3,3,4,2,2,3,2,3,3,4,2,4,1,4,1,4,3,2,4,23,1,"US",1,2.9,2.8,2.8,1.9,2.9
396,1,4,2,4,4,4,3,5,2,4,4,2,4,3,3,3,2,2,5,2,5,4,2,2,3,2,4,3,2,2,4,2,5,1,3,1,5,2,5,3,4,2,4,2,4,1,5,3,5,4,25,2,"CA",1,3.3,2.9,3.1,3,3.4
397,1,3,1,5,1,3,1,3,4,5,4,4,5,1,5,3,1,1,5,4,2,3,4,4,2,4,4,4,4,2,1,4,5,5,1,4,5,2,3,4,5,2,5,4,5,1,5,5,4,5,18,1,"US",1,2.7,3.3,3.4,3.3,4.1
398,5,1,5,1,5,1,4,2,5,1,3,2,5,4,2,2,3,1,1,1,1,5,3,5,1,5,1,4,5,5,4,5,4,4,2,4,4,2,4,3,4,1,4,1,4,2,5,3,4,4,22,2,"US",4,3,3.5,3.6,2.4,3.2
399,4,2,5,2,4,1,4,2,5,2,2,4,3,4,2,2,3,2,3,2,1,5,1,5,1,3,1,4,4,4,3,4,3,3,2,2,3,3,2,4,5,1,5,1,4,1,5,3,4,5,32,2,"US",5,3.1,2.9,2.9,2.7,3.4
400,3,2,4,3,4,2,4,3,4,2,3,3,5,2,2,3,4,3,3,2,1,5,4,4,1,4,1,4,4,3,4,4,4,5,3,3,4,3,4,4,4,2,4,2,4,2,4,4,4,4,27,1,"CA",1,3.1,3.1,3.8,3,3.4
401,3,1,4,4,4,1,4,2,5,4,2,4,5,3,1,2,1,1,1,4,5,5,1,5,2,5,1,5,5,5,4,5,5,5,2,5,2,4,4,5,1,2,1,3,5,1,5,1,5,5,27,1,"BD",1,3.2,3.9,4.1,2.4,2.9
402,2,4,4,4,3,4,3,4,3,4,3,3,3,2,3,2,4,3,2,4,2,4,1,4,2,4,2,4,4,4,4,1,5,1,4,1,4,1,4,4,3,3,2,3,4,4,3,3,4,3,44,1,"US",1,3.5,3.1,2.9,2.9,3.2
403,3,3,3,4,2,2,1,5,2,5,5,1,5,1,4,5,5,5,5,5,4,4,1,1,5,3,5,5,3,2,4,4,4,4,1,3,3,4,2,5,5,1,5,1,4,1,5,5,5,5,23,1,"PL",1,3,3.3,3.4,4.1,3.7
404,5,2,5,2,5,2,5,2,5,3,4,3,4,3,4,4,5,5,3,4,1,5,1,5,1,5,4,5,5,5,3,1,2,5,1,5,3,2,1,3,5,1,5,2,5,1,5,3,5,5,28,2,"IN",1,3.6,3.7,2.6,3.9,3.7
405,3,1,4,3,1,3,3,5,4,5,2,5,4,4,1,1,1,1,1,2,1,5,1,4,4,5,2,3,4,5,2,1,5,4,1,2,2,3,1,2,3,2,5,3,5,2,5,1,1,5,25,1,"SE",1,3.2,3.4,2.3,2.2,3.2
406,1,4,2,4,2,1,4,4,3,4,3,3,2,2,2,2,3,3,2,4,2,3,2,4,2,3,3,3,3,3,1,4,2,1,1,4,2,4,1,2,4,1,3,1,4,2,4,4,4,4,19,2,"US",5,2.9,2.8,2.2,2.6,3.1
407,2,4,4,4,2,4,1,5,1,5,2,4,2,2,2,2,2,1,2,3,1,4,1,4,1,4,2,4,4,4,4,3,5,2,4,2,4,1,2,4,4,1,4,1,4,1,5,4,4,4,18,2,"US",1,3.2,2.9,3.1,2.2,3.2
408,3,2,4,2,4,2,3,3,4,2,1,5,1,1,1,1,1,1,3,1,5,4,2,3,3,4,2,3,5,4,4,5,5,2,2,3,5,2,3,4,4,2,4,2,5,2,4,3,4,5,43,1,"US",1,2.9,3.5,3.5,1.6,3.5
409,4,1,5,3,5,1,5,5,5,4,5,4,5,1,1,1,5,5,4,5,1,5,1,5,1,5,1,5,5,5,2,3,4,1,2,5,1,4,1,4,5,1,5,1,5,1,5,5,5,5,25,2,"GB",5,3.8,3.4,2.7,3.6,3.8
410,3,4,4,5,1,3,2,3,3,1,5,2,5,2,5,5,5,5,5,2,4,3,1,4,4,5,3,2,4,3,4,4,5,1,5,2,5,2,4,5,4,2,5,2,5,1,5,5,4,5,30,2,"PK",1,2.9,3.3,3.7,4.1,3.8
411,4,2,4,3,4,1,3,3,5,4,5,4,4,4,1,4,1,4,2,4,5,5,1,5,1,5,1,4,4,4,3,1,3,4,5,4,4,1,2,3,1,1,5,1,4,1,3,1,3,4,21,2,"(nu",5,3.3,3.5,3,3.3,2.4
412,1,5,3,4,3,3,2,4,3,4,4,3,4,3,4,4,3,3,4,3,2,4,1,4,2,4,3,4,4,4,2,3,2,2,2,3,4,2,4,4,2,3,3,3,3,3,4,2,4,3,34,2,"IN",1,3.2,3.2,2.8,3.5,3
413,2,1,3,3,4,2,3,2,3,4,4,4,3,3,3,2,3,4,4,3,2,3,1,5,1,5,3,3,3,3,4,3,3,5,3,5,4,3,2,3,3,3,3,2,3,3,3,2,3,2,21,2,"MY",1,2.7,2.9,3.5,3.3,2.7
414,4,3,5,3,5,2,5,3,4,2,1,4,4,3,1,2,2,1,2,3,3,5,3,4,1,4,2,3,4,5,5,5,5,5,1,1,2,3,3,3,5,1,5,1,4,1,5,5,4,5,24,1,"GR",1,3.6,3.4,3.3,2.3,3.6
415,3,3,4,3,4,2,3,4,2,5,5,4,5,3,5,4,3,4,2,4,1,4,3,4,1,5,2,4,4,4,2,3,4,4,2,3,2,4,1,3,4,3,5,2,5,1,2,5,5,5,16,1,"AU",1,3.3,3.2,2.8,3.9,3.7
416,4,2,4,3,5,2,4,2,4,2,3,4,3,3,3,2,4,3,3,3,3,3,2,4,4,2,3,3,4,4,3,2,3,3,3,3,3,3,3,3,4,1,3,1,3,2,4,4,4,3,15,2,"US",5,3.2,3.2,2.9,3.1,2.9
417,3,1,5,1,5,2,5,2,4,1,3,3,4,2,4,4,4,4,4,4,1,5,4,5,3,5,2,4,5,4,3,5,4,3,2,2,3,2,2,2,5,2,5,1,4,1,5,5,5,5,38,2,"US",2,2.9,3.8,2.8,3.6,3.8
418,3,2,4,2,3,2,3,2,4,3,3,4,2,5,4,1,2,1,1,1,2,4,1,4,1,5,1,4,4,4,2,2,4,2,2,3,4,4,2,5,4,2,4,3,4,1,5,4,4,5,21,2,"IE",2,2.8,3,3,2.4,3.6
419,2,3,3,3,2,2,1,5,1,4,5,2,5,1,5,5,5,5,5,5,2,4,2,4,2,3,2,3,4,3,3,4,3,2,1,2,4,3,4,3,4,2,4,1,3,2,2,4,5,3,21,2,"US",1,2.6,2.9,2.9,4.3,3
420,4,1,5,1,5,1,5,4,4,2,4,4,4,4,4,2,4,3,4,2,1,5,4,5,1,3,1,5,4,4,2,4,4,4,2,4,2,4,2,4,4,2,4,2,5,1,5,2,4,4,20,2,"PH",5,3.2,3.3,3.2,3.5,3.3
421,5,4,5,5,4,4,4,1,3,2,2,2,4,3,2,2,2,3,4,3,4,4,1,5,1,5,1,4,4,3,4,1,4,2,3,2,3,3,4,3,4,3,4,3,4,1,3,2,3,4,18,2,"IN",1,3.7,3.2,2.9,2.7,3.1
422,1,5,3,3,3,4,1,2,2,3,5,4,4,3,4,3,2,2,4,3,4,3,1,3,3,5,2,2,2,3,3,3,2,4,3,2,2,2,2,3,2,1,5,1,5,1,3,1,2,4,27,1,"BR",5,2.7,2.8,2.6,3.4,2.5
423,1,3,3,3,3,2,1,2,2,1,5,2,5,1,3,4,4,5,3,5,1,4,1,5,2,2,3,4,5,5,2,4,3,3,1,3,4,5,1,4,4,1,4,1,3,1,4,3,5,3,17,2,"AU",1,2.1,3.2,3,3.7,2.9
424,1,4,3,4,3,3,1,4,1,4,4,4,4,2,2,2,2,2,3,3,5,4,1,2,4,1,3,3,4,3,4,3,5,2,3,2,4,1,2,5,4,1,4,1,4,4,5,4,5,2,19,2,"US",5,2.8,3,3.1,2.8,3.4
425,4,3,3,4,3,2,4,5,1,3,1,3,3,2,1,1,1,1,1,1,1,4,1,5,2,3,1,3,4,3,3,4,5,3,3,4,3,1,2,4,4,1,2,2,3,3,4,3,3,3,38,2,"",1,3.2,2.7,3.2,1.5,2.8
426,1,5,2,4,2,2,2,5,2,5,5,3,5,2,5,4,4,4,5,4,1,4,3,4,3,4,3,3,4,3,4,2,3,4,4,2,5,2,3,3,3,3,4,3,3,2,4,3,5,3,17,2,"CA",5,3,3.2,3.2,4.1,3.3
427,2,3,5,3,5,3,5,2,5,1,1,5,4,5,2,1,1,1,3,1,1,5,1,5,1,5,1,4,5,4,3,2,4,3,2,2,5,1,3,2,5,1,5,1,5,1,4,5,3,5,49,1,"ZA",1,3.4,3.2,2.7,2.4,3.5
428,4,2,4,2,4,1,4,2,3,3,2,3,3,3,2,2,3,2,2,2,2,3,1,4,2,4,2,4,4,4,4,4,5,2,1,2,4,3,4,3,4,2,4,2,5,2,4,4,5,5,34,2,"US",2,2.9,3,3.2,2.4,3.7
429,3,2,3,4,3,3,3,3,3,3,3,3,4,3,3,3,3,3,3,3,5,4,3,4,3,3,3,3,4,3,5,3,5,1,5,3,5,3,3,2,2,3,5,3,5,1,3,3,4,4,29,1,"BZ",2,3,3.5,3.5,3.1,3.3
430,3,2,3,2,4,1,4,2,5,2,2,2,3,2,3,2,2,2,2,2,3,3,2,3,2,4,2,3,4,4,3,3,3,3,3,1,2,2,3,3,4,1,4,1,4,1,4,4,3,5,22,1,"IT",3,2.8,3,2.6,2.2,3.1
431,4,2,4,3,5,3,4,3,4,1,5,2,5,3,5,4,2,4,5,3,4,4,4,4,2,4,2,4,4,4,4,4,3,4,3,5,1,2,3,4,3,4,3,3,4,2,4,3,4,3,20,1,"BD",5,3.3,3.6,3.3,3.8,3.3
432,4,1,5,1,5,1,5,1,5,1,4,3,4,2,2,4,2,1,2,3,1,4,1,4,2,5,2,4,5,5,4,4,2,1,4,4,3,3,4,2,2,3,3,4,3,3,4,1,2,3,34,2,"US",5,2.9,3.3,3.1,2.7,2.8
433,5,2,5,3,5,1,5,2,5,3,1,5,2,2,1,1,1,1,2,4,2,5,5,5,1,5,1,5,5,5,4,3,5,2,4,1,4,1,5,5,4,1,5,2,5,1,5,4,5,5,22,2,"US",1,3.6,3.9,3.4,2,3.7
434,3,3,5,3,3,3,1,2,3,4,3,4,3,3,3,1,3,3,2,2,5,4,1,4,3,3,3,3,3,4,4,1,4,1,4,1,2,3,5,4,3,3,3,2,3,3,3,2,3,3,32,2,"PH",1,3,3.3,2.9,2.7,2.8
435,3,3,5,2,3,3,1,3,4,4,5,2,4,4,4,2,3,2,3,2,1,4,1,4,2,5,2,4,5,4,5,2,4,1,5,2,5,3,5,4,5,2,5,3,4,2,4,4,3,4,18,2,"US",2,3.1,3.2,3.6,3.1,3.6
436,4,4,5,5,3,4,5,5,5,5,5,5,4,1,5,5,5,4,5,4,1,5,1,5,1,5,1,3,5,5,2,3,5,5,1,4,4,3,5,5,4,4,5,1,3,1,3,4,5,4,21,1,"US",2,4.5,3.2,3.7,4.3,3.4
437,5,2,4,1,5,2,5,1,5,4,2,2,5,3,4,2,4,4,4,2,1,4,3,4,2,4,2,4,5,4,2,4,4,4,3,2,3,4,2,3,5,1,5,1,5,1,3,4,5,5,16,1,"US",1,3.4,3.3,3.1,3.2,3.5
438,3,1,1,4,5,1,1,5,2,2,5,2,5,1,4,4,2,2,2,4,1,4,2,5,3,5,3,3,5,4,2,4,5,3,1,4,4,3,2,4,3,5,4,2,4,2,5,3,4,4,30,1,"CA",1,2.5,3.5,3.2,3.1,3.6
439,2,2,5,3,5,1,3,2,1,2,3,4,5,4,4,3,3,1,2,3,1,5,2,5,1,5,1,5,4,5,4,4,4,1,2,3,4,1,4,5,4,1,1,1,4,4,5,3,5,4,46,2,"GB",1,2.6,3.4,3.2,3.2,3.2
440,1,5,1,5,2,5,1,5,1,5,1,4,4,3,3,1,4,4,1,4,1,3,1,5,1,5,1,2,5,4,5,1,5,2,5,1,5,1,5,4,5,1,5,5,4,1,5,5,5,5,49,2,"US",1,3.1,2.8,3.4,2.9,4.1
441,4,1,4,4,5,1,1,3,5,5,5,5,5,3,5,5,5,5,5,3,1,4,1,5,1,5,3,3,5,4,5,4,5,4,3,1,5,4,5,4,5,3,1,3,5,1,3,4,5,4,21,2,"IN",1,3.3,3.2,4,4.6,3.4
442,3,3,4,3,4,3,2,5,1,4,4,4,3,2,2,3,1,1,2,4,1,4,1,4,1,5,3,4,4,4,5,5,4,2,2,3,1,3,4,3,4,2,3,3,4,3,4,3,4,4,32,2,"NZ",1,3.2,3.1,3.2,2.6,3.4
443,2,4,2,4,1,2,1,4,2,5,4,3,3,3,3,3,3,3,3,3,3,2,2,3,3,2,4,3,5,4,3,4,4,1,2,2,4,3,4,4,5,1,5,1,4,1,4,5,4,5,21,1,"LT",2,2.7,3.1,3.1,3.1,3.5
444,3,3,2,2,3,2,2,2,2,5,5,1,5,5,2,5,5,5,5,5,3,5,4,4,1,3,1,1,4,5,1,5,5,5,1,5,1,5,1,2,4,1,5,1,5,1,3,5,5,5,14,2,"MX",2,2.6,3.1,3.1,4.3,3.5
445,3,1,4,1,4,1,5,1,4,1,4,2,4,1,4,3,1,2,4,4,5,5,3,5,1,5,1,5,4,4,2,1,5,1,5,2,5,1,4,4,5,1,3,1,3,2,5,4,4,2,48,2,"US",1,2.5,3.8,3,2.9,3
446,1,5,1,5,2,2,1,5,1,5,4,2,4,2,5,4,4,4,3,4,3,4,2,4,2,3,2,3,5,2,2,5,2,4,1,5,1,4,1,2,5,1,4,1,4,1,5,5,5,5,21,2,"RO",5,2.8,3,2.7,3.6,3.6
447,2,4,2,5,2,3,1,5,1,5,5,4,4,2,3,4,4,4,3,4,1,5,1,5,1,5,1,5,5,4,3,4,3,4,3,4,3,2,4,5,5,2,5,2,3,1,4,5,4,4,17,2,"US",1,3,3.3,3.5,3.7,3.5
448,1,3,2,4,1,4,1,3,1,5,4,2,4,2,4,3,2,3,3,3,2,3,2,3,2,3,2,4,3,3,5,4,4,2,4,3,3,2,5,4,3,2,5,2,4,1,4,2,3,3,26,2,"PH",1,2.5,2.7,3.6,3,2.9
449,5,1,5,1,5,2,5,1,5,1,2,3,3,3,3,1,1,1,1,2,1,5,1,5,1,5,1,5,3,4,4,3,5,2,5,3,3,2,3,4,3,2,3,2,3,1,4,3,3,4,26,2,"US",5,3.1,3.1,3.4,2,2.8
450,3,2,3,5,4,3,4,5,2,5,3,3,5,3,2,1,5,3,4,3,4,4,2,4,1,5,2,4,4,4,5,4,4,4,1,2,2,3,2,3,3,3,3,2,4,2,5,2,3,3,13,2,"GB",1,3.6,3.4,3,3.2,3
451,3,3,4,2,4,2,3,4,2,3,4,3,4,2,3,2,3,4,2,3,1,4,2,5,1,3,2,3,4,4,3,3,4,2,1,4,3,3,3,3,3,1,5,1,4,1,4,4,5,4,23,1,"NG",1,3,2.9,2.9,3,3.2
452,4,1,5,5,5,1,5,4,2,1,4,5,4,1,5,5,5,1,5,4,4,5,4,5,5,2,2,5,5,5,2,5,4,1,1,5,2,2,5,2,5,1,5,1,5,1,5,5,5,5,26,2,"AU",1,3.3,4.2,2.9,3.9,3.8
453,3,4,4,5,3,5,1,5,1,5,5,2,5,1,5,3,5,5,2,5,1,5,1,5,1,5,1,5,5,5,3,3,5,5,1,5,4,3,5,4,4,1,5,1,4,1,4,3,5,5,19,2,"US",1,3.6,3.4,3.8,3.8,3.3
454,2,5,1,4,1,3,1,1,5,5,5,1,4,5,4,5,5,5,5,5,3,2,5,3,2,3,5,3,4,3,3,3,3,5,2,2,1,5,3,3,3,3,2,3,2,4,3,2,4,2,23,2,"FR",1,2.8,3.3,3,4.4,2.8
455,5,1,5,2,5,1,4,2,5,2,1,5,1,5,2,1,1,1,1,1,1,5,1,5,1,5,1,4,5,5,2,5,3,3,2,5,2,3,2,5,5,1,5,1,5,1,5,5,5,5,30,1,"AU",1,3.2,3.3,3.2,1.9,3.8
456,3,3,3,3,2,2,4,2,3,4,1,3,4,5,2,3,1,1,2,1,1,4,3,4,3,3,2,4,4,4,4,1,4,2,4,1,2,3,2,4,3,2,4,3,4,2,4,3,4,3,37,1,"DK",3,2.9,3.2,2.7,2.3,3.2
457,5,2,4,1,5,2,5,3,5,2,1,4,2,5,3,1,2,2,2,1,3,4,3,2,4,2,1,2,2,4,4,2,4,2,4,2,2,1,4,4,3,2,4,2,4,1,5,3,2,5,16,1,"US",1,3.4,2.7,2.9,2.3,3.1
458,1,3,4,2,4,2,2,3,2,4,4,4,4,1,1,2,3,2,2,4,1,4,2,4,1,4,2,3,4,4,2,3,3,2,5,2,4,2,4,4,5,2,5,2,3,1,4,5,5,4,20,2,"US",5,2.7,2.9,3.1,2.7,3.6
459,1,4,2,4,3,3,1,5,2,5,4,2,4,4,4,2,2,1,2,1,2,3,1,4,2,2,2,3,4,4,4,2,5,2,2,2,4,2,4,5,4,1,4,1,4,2,5,3,4,4,25,1,"US",2,3,2.7,3.2,2.6,3.2
460,3,3,3,3,4,3,3,3,3,3,4,2,4,2,3,3,4,4,3,2,2,4,2,4,2,4,2,3,4,4,4,4,4,4,2,4,4,3,4,4,4,2,4,3,4,2,4,4,2,4,20,2,"GR",1,3.1,3.1,3.7,3.1,3.3
461,4,1,4,2,4,2,4,3,3,4,3,2,4,2,3,4,4,4,4,3,4,5,4,5,3,4,2,4,4,4,3,4,3,5,1,5,3,4,2,4,2,3,5,3,3,1,4,3,5,5,15,2,"US",1,3.1,3.9,3.4,3.3,3.4
462,1,3,3,4,2,3,1,5,2,4,3,5,5,4,2,4,2,3,3,2,1,5,1,5,1,5,2,5,5,4,2,3,4,1,4,2,4,3,4,5,3,3,4,2,3,2,5,3,2,4,22,2,"US",2,2.8,3.4,3.2,3.3,3.1
463,2,5,3,5,3,5,3,5,1,5,5,2,5,4,4,3,5,5,1,5,3,3,1,5,4,5,4,3,5,3,3,3,3,3,5,1,5,3,5,3,5,4,5,3,5,1,3,4,5,5,32,2,"US",2,3.7,3.6,3.4,3.9,4
464,4,2,5,3,5,2,5,2,3,1,2,3,4,3,2,1,3,3,3,2,3,4,4,5,1,4,1,4,4,1,3,2,4,2,5,1,5,1,3,3,3,2,4,2,3,2,3,2,2,4,26,2,"NL",5,3.2,3.1,2.9,2.6,2.7
465,2,2,4,4,4,2,2,2,2,3,2,4,4,3,4,2,2,2,2,2,3,3,1,2,2,3,3,4,3,4,2,3,3,3,1,2,4,3,3,3,4,1,5,1,4,2,4,4,5,4,44,1,"US",5,2.7,2.8,2.7,2.7,3.4
466,2,1,4,2,5,1,3,4,2,2,4,3,5,4,4,4,2,2,4,2,2,5,1,5,1,4,1,5,5,5,4,3,5,3,4,4,4,2,1,4,5,1,5,1,5,1,5,4,5,5,28,2,"PT",1,2.6,3.4,3.4,3.4,3.7
467,3,3,4,3,4,4,3,5,1,3,1,3,3,3,3,2,3,1,1,1,3,3,1,3,1,4,3,1,3,3,5,1,5,1,5,1,5,1,5,5,3,3,3,3,4,1,5,3,3,5,50,1,"US",1,3.3,2.5,3.4,2.1,3.3
468,4,1,4,2,4,1,4,2,5,3,3,4,3,4,2,2,2,2,2,1,1,5,2,5,1,5,1,4,5,4,3,3,4,3,3,5,2,1,2,4,5,1,5,5,3,5,4,4,4,4,39,2,"US",1,3,3.3,3,2.5,4
469,4,2,4,2,4,3,4,4,4,3,5,2,5,2,3,3,3,4,3,3,2,4,2,3,2,2,2,3,3,3,4,3,5,1,2,4,4,2,4,4,3,2,3,2,3,2,4,2,2,3,25,2,"US",1,3.4,2.6,3.3,3.3,2.6
470,5,1,4,1,5,1,5,2,5,1,5,2,5,2,4,5,5,2,5,1,1,5,1,5,1,4,1,5,5,4,2,2,5,3,1,1,4,1,4,3,4,2,5,2,5,1,5,1,5,5,21,1,"IN",3,3,3.2,2.6,3.6,3.5
471,3,2,4,2,4,3,3,2,3,4,4,3,4,2,2,2,2,2,2,1,1,4,1,5,1,4,2,4,4,4,4,5,4,4,2,4,3,3,4,3,3,3,5,3,3,2,2,2,4,3,19,2,"US",1,3,3,3.6,2.4,3
472,3,1,4,1,5,1,3,1,5,1,5,2,4,3,3,3,2,2,3,3,2,4,4,3,2,3,2,4,3,3,3,3,3,4,2,4,3,4,3,4,5,2,3,2,4,2,4,4,4,5,20,2,"AR",1,2.5,3,3.3,3,3.5
473,3,1,5,1,4,3,4,3,4,2,1,4,1,5,3,1,2,1,1,1,2,5,1,5,2,3,2,4,4,5,5,3,4,1,3,3,3,3,3,5,4,2,4,2,4,1,5,3,4,5,26,1,"US",2,3,3.3,3.3,2,3.4
474,5,2,5,1,4,1,4,2,5,4,1,4,2,5,4,1,1,1,2,1,5,4,2,3,4,1,2,3,4,4,4,2,4,4,1,4,4,4,1,2,5,1,5,1,3,1,5,3,5,3,26,1,"GB",2,3.3,3.2,3,2.2,3.2
475,3,4,4,2,4,4,4,4,4,3,1,4,2,2,2,2,4,2,2,2,4,2,2,2,4,2,4,4,3,4,2,4,4,3,4,2,4,2,2,3,2,2,2,2,3,2,4,2,2,2,23,2,"IN",1,3.6,3.1,3,2.3,2.3
476,3,2,4,2,4,4,4,1,5,2,4,2,4,2,4,4,4,4,4,4,2,4,4,3,3,4,3,3,2,3,2,3,4,2,2,4,5,4,2,2,2,2,4,2,4,2,4,3,3,4,30,1,"PK",1,3.1,3.1,3,3.6,3
477,2,4,3,1,3,1,5,4,5,5,4,3,5,3,4,1,2,1,3,2,5,5,1,4,2,5,3,4,5,4,4,1,5,1,3,1,5,3,3,4,4,1,5,1,2,1,4,4,5,5,22,1,"US",1,3.3,3.8,3,2.8,3.2
478,2,3,3,3,3,4,3,4,2,4,3,3,3,2,3,2,3,2,2,3,2,4,2,3,2,3,2,4,4,3,4,3,3,3,2,3,2,2,4,3,2,4,2,4,3,3,4,2,4,3,1995,2,"MY",1,3.1,2.9,2.9,2.6,3.1
479,5,1,4,1,5,1,4,2,5,1,5,5,4,4,5,1,2,3,4,2,4,2,5,4,5,1,4,1,2,1,3,2,5,5,2,5,4,4,5,5,5,1,4,2,5,1,5,4,2,4,17,2,"US",5,2.9,2.9,4,3.5,3.3
480,3,3,2,4,5,1,3,5,4,5,5,2,4,2,2,3,3,3,4,4,1,4,1,5,1,5,1,5,5,4,4,5,5,3,3,5,5,3,3,5,5,1,5,1,5,1,5,5,5,5,17,1,"US",1,3.5,3.2,4.1,3.2,3.8
481,3,3,3,3,4,3,3,3,3,4,2,5,2,5,2,1,2,2,2,1,1,4,1,5,2,5,1,4,4,3,4,3,4,3,2,4,4,3,4,4,5,3,3,2,4,3,4,4,4,5,18,1,"US",5,3.2,3,3.5,2.4,3.7
482,1,3,5,3,5,3,4,5,1,4,5,3,5,4,2,4,2,3,3,2,1,5,1,5,1,5,1,5,5,3,4,2,4,1,3,5,4,1,3,4,3,2,5,1,4,2,4,1,4,3,20,2,"ZA",2,3.4,3.2,3.1,3.3,2.9
483,1,4,2,5,2,5,1,5,4,5,4,5,3,3,4,3,1,1,1,3,1,4,1,5,1,4,2,5,5,4,1,5,4,2,1,5,2,1,1,5,4,1,5,1,5,1,5,5,5,5,22,1,"IN",1,3.4,3.2,2.7,2.8,3.7
484,1,5,3,5,1,5,1,4,2,5,5,2,5,1,2,5,4,1,4,3,4,5,1,5,1,5,3,5,5,4,5,5,5,3,3,1,3,1,5,5,5,3,5,3,5,1,4,5,5,5,30,1,"US",4,3.2,3.8,3.6,3.2,4.1
485,3,5,2,4,3,3,2,5,3,4,4,2,4,2,5,4,4,5,5,3,2,4,3,5,3,5,3,4,4,3,4,5,4,2,3,4,4,2,4,4,3,2,5,2,4,2,4,2,4,4,32,1,"IN",1,3.4,3.6,3.6,3.8,3.2
486,3,2,5,2,5,2,5,2,4,2,3,3,4,2,1,2,4,4,3,3,1,5,1,4,1,5,1,5,5,4,2,3,2,3,2,4,2,3,3,1,1,1,5,2,4,1,4,4,4,5,23,2,"GB",1,3.2,3.2,2.5,2.9,3.1
487,1,1,5,5,5,1,5,1,1,1,5,5,3,1,5,3,5,5,1,1,3,5,2,5,5,5,1,5,5,5,1,1,5,3,3,2,1,2,1,5,1,4,5,1,5,1,5,1,5,5,15,1,"IN",1,2.6,4.1,2.4,3.4,3.3
488,2,3,3,5,1,4,2,4,3,5,1,2,5,2,4,1,1,3,1,4,2,3,2,2,2,3,2,2,4,5,1,4,1,2,3,2,1,3,4,3,4,5,3,2,2,1,2,1,4,2,21,2,"LK",1,3.2,2.7,2.4,2.4,2.6
489,2,5,2,5,3,2,1,4,3,5,4,2,4,2,4,5,5,5,4,5,5,3,5,1,5,1,4,4,1,4,4,3,2,5,1,4,4,5,3,5,3,3,4,1,3,2,3,4,3,3,17,2,"SK",2,3.2,3.3,3.6,4,2.9
490,1,4,3,4,3,2,1,3,3,5,3,3,4,2,3,3,2,2,3,3,3,1,2,3,2,5,4,2,3,3,3,3,3,2,2,2,3,3,2,3,4,1,4,1,5,1,4,3,5,5,33,1,"GB",2,2.9,2.8,2.6,2.8,3.3
491,3,4,3,4,4,1,2,3,3,4,4,3,5,1,4,5,4,4,4,5,1,5,1,5,1,5,1,4,5,5,1,3,2,5,1,5,3,2,4,5,5,1,5,1,5,1,4,4,5,5,31,2,"US",1,3.1,3.3,3.1,3.9,3.6
492,2,2,3,4,3,1,2,3,3,4,2,3,4,4,1,1,2,1,1,2,1,4,1,4,2,2,2,5,3,4,3,2,5,2,2,2,2,3,3,4,5,1,5,1,5,5,5,4,5,5,23,1,"US",2,2.7,2.8,2.8,2.1,4.1
493,2,4,4,3,4,4,3,4,2,5,3,2,5,4,4,3,4,3,3,4,5,4,2,4,4,5,3,4,4,3,5,2,4,5,3,2,2,4,5,3,3,3,4,3,4,1,3,3,3,3,17,2,"PH",1,3.5,3.8,3.5,3.5,3
494,4,2,4,3,4,2,3,2,4,4,4,2,4,3,3,3,3,3,3,3,2,4,2,5,1,5,2,4,5,4,3,3,4,3,3,2,4,3,3,4,4,2,4,2,4,2,4,4,4,4,19,2,"PW",1,3.2,3.4,3.2,3.1,3.4
495,2,3,3,4,2,3,1,5,3,5,2,4,1,3,2,1,2,3,2,1,3,2,5,3,4,3,4,2,2,4,3,4,2,4,1,2,4,5,3,2,5,2,5,2,5,1,4,4,4,5,32,1,"GB",1,3.1,3.2,3,2.1,3.7
496,3,1,5,2,5,1,4,2,5,3,4,4,5,2,3,4,5,4,4,4,1,5,3,5,2,3,2,5,5,5,4,3,5,5,2,3,4,3,3,3,4,3,5,3,4,1,5,3,5,5,18,1,"CA",1,3.1,3.6,3.5,3.9,3.8
497,3,3,3,3,2,3,2,3,3,4,2,3,4,2,2,4,3,2,1,4,2,4,3,5,2,3,2,4,4,3,5,2,4,2,2,4,4,3,2,4,5,1,5,2,4,2,5,4,4,5,14,1,"US",5,2.9,3.2,3.2,2.7,3.7
498,2,4,2,2,2,2,1,3,4,5,3,2,3,4,4,2,4,2,2,4,5,4,3,3,2,1,2,4,1,3,4,3,4,2,3,2,5,3,2,5,3,3,2,1,4,5,4,3,5,5,15,1,"US",1,2.7,2.8,3.3,3,3.5
499,3,2,4,3,4,3,4,4,3,3,3,4,3,3,2,3,3,2,4,2,2,4,1,4,2,3,2,4,3,4,2,5,3,3,1,5,3,3,2,2,4,3,3,3,3,3,3,4,3,3,41,2,"(nu",3,3.3,2.9,2.9,2.9,3.2
500,4,3,4,2,5,1,5,4,4,2,4,3,3,2,4,3,1,2,3,2,1,5,2,5,1,4,1,5,5,5,3,5,5,3,2,4,3,4,2,4,4,1,4,1,5,2,5,4,5,5,68,2,"GB",1,3.4,3.4,3.5,2.7,3.6
