ID,VC,PR,WO,PS,IM,DM,VWM,VM,AM,age,sex,eth,edu,fsiq,AVE,
1,91,90,86,76,103,102,94,105,98,16,M,HI,2,83,93.88888889,
2,108,96,108,108,96,96,94,101,93,16.01,M,HI,5,106,100,
3,96,105,100,105,107,107,103,107,104,16.01,M,BL,3,102,103.7777778,
4,81,81,89,92,87,93,91,89,94,16.04,F,WH,5,81,88.55555556,
5,87,77,86,92,67,82,80,69,85,16.05,M,BL,2,81,80.55555556,
6,110,96,108,92,103,96,100,95,104,16.08,M,WH,5,102,100.4444444,
7,87,100,102,100,94,94,94,103,88,16.12,M,BL,2,96,95.77777778,
8,93,100,100,97,94,98,83,108,85,16.12,F,WH,4,96,95.33333333,
9,80,84,83,89,84,88,77,95,81,16.13,M,HI,1,80,84.55555556,
10,72,77,77,89,83,96,83,90,91,16.13,F,BL,4,74,84.22222222,
11,83,109,97,102,103,114,112,107,107,16.14,M,WH,3,97,103.7777778,
12,80,96,89,100,96,102,97,98,100,16.16,F,WH,3,88,95.33333333,
13,114,123,117,127,115,102,120,112,102,16.17,M,WH,5,126,114.6666667,
14,91,109,97,81,119,119,97,125,110,16.2,M,HI,4,94,105.3333333,
15,110,105,114,102,94,93,117,81,109,16.2,M,WH,3,110,102.7777778,
16,96,102,100,108,102,104,100,107,97,16.21,F,AS,5,101,101.7777778,
17,83,90,86,111,103,90,91,93,100,16.24,F,WH,4,89,94.11111111,
18,125,111,119,129,108,106,103,95,117,16.25,F,WH,5,126,112.5555556,
19,95,115,100,114,107,106,109,121,91,16.27,F,WH,4,106,106.4444444,
20,98,77,80,100,84,82,88,78,94,16.29,F,WH,4,86,86.77777778,
21,112,104,89,86,107,100,103,98,107,16.29,M,WH,3,100,100.6666667,
22,100,100,105,102,105,112,100,105,109,16.3,M,HI,2,102,104.2222222,
23,108,96,97,86,105,94,100,105,94,16.32,M,WH,4,98,98.33333333,
24,102,119,95,111,105,100,106,101,102,16.33,F,WH,4,108,104.5555556,
25,95,107,114,100,121,118,106,108,124,16.34,F,WH,2,104,110.3333333,
26,112,115,102,114,103,94,91,107,91,16.36,F,WH,5,114,103.2222222,
27,122,107,97,105,119,125,120,126,113,16.37,F,WH,5,111,114.8888889,
28,81,98,83,97,96,92,94,101,88,16.39,M,WH,4,87,92.22222222,
29,102,94,92,102,107,116,120,115,104,16.4,F,WH,4,97,105.7777778,
30,103,81,95,102,86,93,83,81,101,16.41,F,WH,4,94,91.66666667,
31,102,104,117,117,115,112,115,123,102,16.44,M,WH,3,110,111.8888889,
32,98,92,95,94,91,104,97,105,90,16.44,F,AS,5,94,96.22222222,
33,118,81,89,65,103,106,85,96,110,16.44,M,WH,3,88,94.77777778,
34,127,102,128,102,107,119,115,126,98,16.47,F,WH,3,117,113.7777778,
35,95,98,114,124,103,108,109,112,98,16.48,F,WH,5,106,106.7777778,
36,112,125,122,114,129,128,126,123,128,16.49,F,WH,4,123,123,
37,98,90,102,92,105,90,94,96,98,16.51,M,WH,4,94,96.11111111,
38,83,88,80,92,81,84,97,87,82,16.51,F,WH,3,82,86,
39,108,107,105,102,93,92,103,103,84,16.52,M,WH,4,108,99.66666667,
40,91,79,89,105,75,66,70,81,67,16.53,F,WH,4,87,80.33333333,
41,87,98,86,81,93,108,77,95,105,16.53,M,HI,1,86,92.22222222,
42,105,100,86,105,94,98,100,96,97,16.54,F,OT,3,100,97.88888889,
43,107,104,122,120,121,116,123,117,115,16.55,M,BL,5,114,116.1111111,
44,110,107,102,97,107,114,112,101,117,16.55,M,AS,4,106,107.4444444,
45,103,98,111,108,91,81,103,96,80,16.57,F,OT,4,105,96.77777778,
46,81,84,100,89,93,84,83,84,97,16.58,M,WH,4,84,88.33333333,
47,78,84,95,89,75,69,67,78,74,16.59,F,BL,4,82,78.77777778,
48,110,100,111,122,105,104,115,98,109,16.6,F,WH,5,112,108.2222222,
49,89,119,102,100,80,81,100,69,95,16.63,F,WH,4,103,92.77777778,
50,91,90,86,86,72,81,100,81,78,16.63,F,WH,5,86,85,
51,108,115,95,92,111,100,120,101,109,16.66,F,WH,3,105,105.6666667,
52,112,94,89,89,111,102,94,107,104,16.66,M,WH,3,97,100.2222222,
53,102,107,125,124,102,110,115,115,95,16.68,F,WH,4,115,110.5555556,
54,100,109,102,100,113,98,100,103,107,16.69,F,WH,3,104,103.5555556,
55,108,104,114,94,108,110,115,104,112,16.7,M,WH,5,106,107.6666667,
56,100,104,100,81,89,96,106,87,100,16.72,F,HI,3,96,95.88888889,
57,98,96,92,89,77,82,94,78,87,16.79,F,AS,2,93,88.11111111,
58,108,98,86,102,100,100,97,110,90,16.82,M,WH,5,100,99,
59,105,109,100,94,111,114,117,119,104,16.85,M,WH,4,104,108.1111111,
60,102,96,111,92,100,104,112,103,100,16.85,M,BL,3,100,102.2222222,
61,105,115,108,74,107,114,109,126,94,16.87,M,HI,3,102,105.7777778,
62,112,115,105,100,105,108,117,119,94,16.87,F,WH,5,111,108.3333333,
63,96,104,92,102,107,110,85,112,102,16.89,M,WH,3,98,101.1111111,
64,108,94,89,89,91,98,80,89,101,16.9,M,WH,2,96,93.22222222,
65,87,79,92,89,77,76,63,84,75,16.91,F,HI,2,82,80.22222222,
66,81,96,100,100,98,106,91,87,115,16.93,F,HI,3,92,97.11111111,
67,103,113,117,86,115,121,120,117,115,16.93,M,WH,4,106,111.8888889,
68,105,94,80,97,121,116,91,123,110,17.02,F,WH,3,94,104.1111111,
69,105,102,117,100,109,106,117,108,104,17.06,M,WH,5,106,107.5555556,
70,108,111,102,89,105,100,100,107,97,17.07,M,WH,4,105,102.1111111,
71,91,88,83,92,87,92,97,87,94,17.12,F,WH,3,86,90.11111111,
72,93,96,105,100,94,100,109,90,104,17.18,F,WH,2,97,99,
73,98,98,102,92,100,96,115,89,107,17.19,M,HI,4,97,99.66666667,
74,102,107,114,102,94,98,85,87,105,17.26,F,WH,5,107,99.33333333,
75,83,82,86,100,84,81,85,89,81,17.28,F,OT,3,84,85.66666667,
76,80,94,92,94,91,98,103,86,104,17.3,M,BL,4,86,93.55555556,
77,136,109,119,117,111,119,103,107,120,17.34,M,WH,5,126,115.6666667,
78,98,92,83,89,78,80,112,98,64,17.35,F,WH,4,89,88.22222222,
79,95,100,100,102,93,93,80,87,100,17.35,M,WH,3,98,94.44444444,
80,93,102,92,86,86,94,94,95,88,17.43,F,WH,1,92,92.22222222,
81,98,90,100,97,94,92,97,84,104,17.44,F,HI,1,95,95.11111111,
82,87,94,100,105,91,82,106,93,84,17.47,M,WH,3,94,93.55555556,
83,116,105,83,100,105,112,91,107,107,17.47,F,WH,3,104,102.8888889,
84,116,92,108,76,87,94,73,67,117,17.55,M,BL,5,99,92.22222222,
85,130,135,133,100,135,119,120,128,121,17.55,M,WH,5,133,124.5555556,
86,120,135,117,102,121,112,117,115,113,17.56,M,WH,5,126,116.8888889,
87,91,88,97,92,113,102,91,98,115,17.58,M,WH,3,89,98.55555556,
88,102,84,102,92,89,90,91,76,105,17.62,M,WH,4,94,92.33333333,
89,105,88,86,97,108,92,83,96,102,17.63,M,WH,4,94,95.22222222,
90,107,107,111,89,111,112,103,107,113,17.66,M,WH,5,105,106.6666667,
91,107,117,108,105,103,102,115,110,94,17.69,F,WH,3,112,106.7777778,
92,102,115,89,102,100,86,97,107,81,17.73,M,BL,4,104,97.66666667,
93,120,117,114,94,105,114,120,112,104,17.76,M,WH,3,115,111.1111111,
94,103,115,114,105,102,102,109,100,102,17.79,M,WH,5,111,105.7777778,
95,100,82,97,84,89,93,88,85,100,17.81,M,BL,4,89,90.88888889,
96,127,100,92,100,113,102,103,100,113,17.81,F,HI,3,107,105.5555556,
97,85,92,89,94,89,86,88,84,95,17.89,F,WH,5,87,89.11111111,
98,105,100,114,114,98,108,112,107,98,17.9,F,AS,4,108,106.2222222,
99,100,102,89,97,107,100,103,105,100,17.91,F,WH,4,97,100.3333333,
100,107,104,108,100,86,88,100,89,88,17.96,M,WH,5,106,96.66666667,
101,76,90,69,74,84,86,85,69,104,18.02,F,HI,1,74,81.88888889,
102,95,98,100,105,109,118,106,115,109,18.03,M,HI,3,98,106.1111111,
103,85,92,100,105,103,114,88,95,120,18.07,M,WH,4,93,100.2222222,
104,114,127,100,117,96,88,106,95,91,18.09,M,WH,5,119,103.7777778,
105,100,113,102,94,117,121,115,130,105,18.1,F,WH,4,104,110.7777778,
106,89,107,97,92,89,94,85,96,90,18.12,M,BL,4,96,93.22222222,
107,96,84,86,79,96,104,94,95,104,18.13,M,BL,3,84,93.11111111,
108,103,111,105,89,113,110,97,108,112,18.13,M,WH,4,104,105.3333333,
109,130,119,114,140,123,128,115,132,115,18.15,M,AS,5,133,124,
110,85,84,83,97,89,82,91,96,80,18.16,M,BL,3,84,87.44444444,
111,87,121,100,111,109,106,112,126,90,18.17,M,BL,4,105,106.8888889,
112,98,104,92,97,96,94,103,107,85,18.2,M,HI,4,98,97.33333333,
113,116,117,105,122,111,104,100,105,107,18.22,F,WH,5,119,109.6666667,
114,83,96,111,120,100,98,100,98,100,18.23,F,WH,3,100,100.6666667,
115,76,84,71,84,72,66,70,63,80,18.24,M,HI,3,75,74,
116,102,113,83,97,84,94,83,85,97,18.28,M,HI,1,100,93.11111111,
117,83,75,83,92,73,78,77,76,81,18.29,M,HI,2,79,79.77777778,
118,102,100,97,100,93,94,91,93,95,18.29,F,WH,5,100,96.11111111,
119,96,121,117,97,115,100,117,110,102,18.31,M,WH,3,109,108.3333333,
120,91,88,77,100,87,93,80,82,101,18.31,M,HI,1,86,88.77777778,
121,108,107,89,102,100,110,115,92,117,18.34,M,HI,4,104,104.4444444,
122,112,109,105,117,119,123,120,125,113,18.35,F,WH,5,113,115.8888889,
123,116,100,111,105,113,118,103,115,112,18.35,M,WH,4,110,110.3333333,
124,93,96,95,76,75,78,80,86,72,18.37,F,HI,3,88,83.44444444,
125,127,111,119,84,111,119,123,130,100,18.39,M,WH,5,114,113.7777778,
126,116,113,131,102,113,118,100,107,120,18.41,M,BL,5,119,113.3333333,
127,103,113,100,92,129,112,106,112,123,18.42,F,WH,5,104,110,
128,127,117,83,84,91,94,100,96,91,18.46,M,WH,2,107,98.11111111,
129,98,109,114,102,111,104,100,110,102,18.48,M,WH,4,106,105.5555556,
130,103,98,100,108,98,96,94,80,117,18.53,M,WH,3,102,99.33333333,
131,108,100,131,100,102,96,100,92,105,18.53,M,WH,4,110,103.7777778,
132,120,105,100,108,107,102,112,95,112,18.54,F,WH,5,111,106.7777778,
133,120,109,119,97,93,94,120,108,81,18.55,M,WH,5,115,104.5555556,
134,130,123,100,108,107,104,109,100,109,18.57,M,WH,5,121,110,
135,98,71,80,102,98,96,88,92,102,18.58,M,WH,3,84,91.88888889,
136,120,113,95,97,109,114,106,112,109,18.58,M,WH,5,110,108.3333333,
137,102,107,92,94,100,90,109,89,101,18.59,F,WH,4,100,98.22222222,
138,85,100,100,102,100,86,109,85,102,18.61,F,WH,4,95,96.55555556,
139,98,104,89,84,102,93,117,103,93,18.64,M,WH,5,94,98.11111111,
140,127,119,114,92,105,119,109,119,102,18.65,M,WH,5,117,111.7777778,
141,96,90,97,71,98,106,80,103,100,18.66,M,WH,3,86,93.44444444,
142,108,98,100,114,103,93,103,90,105,18.71,M,OT,2,106,101.5555556,
143,98,107,97,111,108,90,94,107,91,18.72,F,WH,4,104,100.3333333,
144,107,100,100,117,102,108,115,98,110,18.74,F,WH,4,106,106.3333333,
145,80,92,111,97,103,98,130,104,97,18.75,M,BL,3,92,101.3333333,
146,110,92,102,114,103,104,80,93,112,18.75,F,WH,3,105,101.1111111,
147,132,115,102,117,109,112,100,103,117,18.81,M,AS,5,121,111.8888889,
148,118,113,100,81,100,106,103,98,105,18.85,M,WH,3,106,102.6666667,
149,110,119,105,124,109,104,109,96,115,18.85,F,WH,3,118,110.1111111,
150,118,135,117,105,113,118,109,112,115,18.89,M,WH,5,126,115.7777778,
151,87,104,102,89,96,104,100,96,102,18.9,M,BL,3,94,97.77777778,
152,114,98,117,122,127,125,115,125,121,18.92,F,WH,5,114,118.2222222,
153,107,123,128,105,139,133,133,143,126,18.95,M,BL,3,119,126.3333333,
154,87,90,92,111,103,104,94,98,107,18.96,F,WH,4,92,98.44444444,
155,132,105,131,124,103,106,120,110,97,18.96,M,WH,5,128,114.2222222,
156,105,96,114,94,113,110,100,115,105,19.01,F,WH,4,102,105.7777778,
157,103,90,100,117,102,88,94,76,115,19.02,F,WH,3,102,98.33333333,
158,95,111,105,117,94,90,115,95,91,19.04,F,HI,1,107,101.4444444,
159,118,121,114,114,123,123,115,123,118,19.04,M,WH,5,121,118.7777778,
160,100,113,100,135,100,93,109,90,102,19.05,F,WH,4,113,104.6666667,
161,83,98,83,111,89,93,85,101,84,19.15,F,HI,2,92,91.88888889,
162,102,104,95,105,103,104,106,104,101,19.19,F,WH,4,102,102.6666667,
163,127,107,92,122,100,100,100,98,101,19.2,F,WH,3,115,105.2222222,
164,81,81,74,76,65,60,63,69,62,19.22,M,BL,3,74,70.11111111,
165,91,111,89,102,115,116,120,125,104,19.23,M,WH,3,98,108.1111111,
166,125,129,105,97,111,112,106,110,110,19.25,F,WH,4,120,111.6666667,
167,112,111,102,105,107,96,117,100,102,19.27,F,WH,5,110,105.7777778,
168,107,119,114,111,103,118,106,123,97,19.3,F,OT,4,115,110.8888889,
169,89,111,86,89,93,94,103,107,82,19.3,M,WH,2,94,94.88888889,
170,100,84,86,100,103,114,97,115,100,19.36,F,WH,3,91,99.88888889,
171,95,90,92,100,96,106,94,105,95,19.36,F,WH,3,92,97,
172,116,107,97,105,96,96,100,98,95,19.41,F,OT,5,109,101.1111111,
173,107,90,100,114,113,116,103,105,120,19.41,F,OT,4,102,107.5555556,
174,105,96,95,94,103,108,85,96,113,19.42,F,WH,2,98,99.44444444,
175,102,111,102,108,111,118,112,121,105,19.42,F,WH,3,107,110,
176,98,84,95,120,105,94,103,95,104,19.45,M,BL,3,97,99.77777778,
177,81,81,105,84,94,88,103,96,88,19.47,F,WH,2,83,91.11111111,
178,91,86,100,81,60,66,73,63,69,19.51,M,WH,4,86,76.55555556,
179,127,121,111,108,87,102,106,104,87,19.53,M,WH,4,122,105.8888889,
180,91,92,100,111,105,108,106,107,104,19.53,F,AS,3,96,102.6666667,
181,96,96,95,105,96,98,103,89,105,19.54,F,WH,4,97,98.11111111,
182,76,96,92,102,86,100,91,92,95,19.59,F,WH,2,88,92.22222222,
183,112,100,100,76,93,92,106,90,95,19.59,M,WH,4,98,96,
184,108,127,114,100,96,108,100,115,90,19.6,F,WH,5,116,106.4444444,
185,125,123,111,97,111,110,109,112,107,19.6,M,BL,4,119,111.6666667,
186,95,84,86,86,94,88,77,96,88,19.6,F,BL,5,85,88.22222222,
187,95,115,108,79,102,100,97,100,101,19.62,M,WH,4,100,99.66666667,
188,87,98,86,94,94,84,100,107,75,19.64,M,HI,3,89,91.66666667,
189,107,100,86,97,111,114,109,104,118,19.73,F,WH,4,98,105.1111111,
190,116,111,105,102,105,108,91,95,117,19.75,M,WH,4,112,105.5555556,
191,105,92,111,117,109,112,100,112,107,19.78,F,WH,5,106,107.2222222,
192,98,100,83,79,102,100,73,90,110,19.79,F,WH,3,89,92.77777778,
193,102,105,102,117,105,110,106,100,113,19.83,F,HI,4,107,106.6666667,
194,100,125,95,132,111,110,106,113,105,19.86,F,WH,3,115,110.7777778,
195,125,109,114,122,127,114,97,105,130,19.86,F,HI,4,121,115.8888889,
196,130,115,128,137,129,130,130,136,118,19.89,F,WH,4,134,128.1111111,
197,118,121,114,102,119,116,112,110,120,19.89,F,WH,5,118,114.6666667,
198,114,92,117,108,111,119,109,110,117,19.91,F,WH,4,108,110.7777778,
199,118,121,108,108,108,119,130,105,118,19.92,F,WH,5,118,115,
200,103,102,80,102,86,86,88,93,82,19.92,M,BL,3,98,91.33333333,
201,118,119,114,111,135,119,115,119,130,20.07,M,WH,4,120,120,
202,81,94,97,100,86,74,112,92,74,20.08,M,WH,4,90,90,
203,105,127,105,127,108,107,112,123,93,20.2,M,AS,3,120,111.8888889,
204,110,123,119,114,125,107,126,125,104,20.23,F,WH,4,121,117,
205,76,84,71,92,87,82,60,87,87,20.25,M,HI,2,77,80.66666667,
206,100,100,111,92,73,70,88,76,75,20.29,M,WH,4,100,87.22222222,
207,114,111,100,127,111,116,103,113,110,20.44,F,WH,4,116,111.6666667,
208,93,88,80,65,77,78,88,84,77,20.44,F,HI,4,79,81.11111111,
209,103,94,102,97,105,98,100,89,113,20.47,F,BL,3,99,100.1111111,
210,108,98,102,97,102,100,117,98,102,20.5,F,BL,4,102,102.6666667,
211,83,88,77,102,72,76,77,78,77,20.51,F,WH,3,84,81.11111111,
212,70,73,77,71,81,90,97,87,87,20.53,M,HI,2,67,81.44444444,
213,105,121,131,124,121,107,117,113,110,20.53,M,AS,4,124,116.5555556,
214,122,131,133,124,113,125,136,130,105,20.6,M,WH,4,136,124.3333333,
215,85,82,86,94,113,119,100,101,128,20.6,F,WH,3,83,100.8888889,
216,132,125,145,102,121,118,140,125,110,20.65,M,WH,4,133,124.2222222,
217,95,92,89,84,87,86,83,76,101,20.72,M,BL,3,88,88.11111111,
218,112,100,89,79,87,93,100,96,87,20.77,M,WH,2,96,93.66666667,
219,120,94,97,122,108,107,115,105,107,20.8,M,HI,4,110,108.3333333,
220,102,102,92,102,105,116,91,108,109,20.91,M,BL,3,100,103,
221,122,123,119,120,119,108,126,112,112,20.97,M,OT,4,127,117.8888889,
222,110,104,108,100,129,118,115,126,115,20.98,F,WH,4,107,113.8888889,
223,83,107,86,92,93,100,106,101,93,21.01,M,WH,2,91,95.66666667,
224,95,88,86,102,61,67,73,59,77,21.1,M,BL,4,91,78.66666667,
225,89,90,97,105,89,88,77,93,87,21.1,F,WH,3,93,90.55555556,
226,112,104,111,105,98,94,103,107,87,21.11,M,WH,3,110,102.3333333,
227,89,96,89,108,83,76,109,81,84,21.14,M,WH,3,94,90.55555556,
228,103,127,114,94,103,93,123,103,94,21.14,M,WH,3,112,106,
229,98,104,105,120,83,80,80,78,90,21.19,F,WH,4,106,93.11111111,
230,132,133,117,120,132,128,120,130,124,21.21,M,HI,4,133,126.2222222,
231,96,113,102,94,102,92,115,92,101,21.23,F,WH,4,102,100.7777778,
232,114,109,95,86,103,98,106,100,101,21.28,M,WH,4,104,101.3333333,
233,100,107,108,114,108,108,100,103,112,21.32,F,HI,3,108,106.6666667,
234,98,98,108,86,113,102,106,108,104,21.35,M,WH,3,97,102.5555556,
235,114,75,86,105,105,102,106,95,110,21.41,M,HI,3,94,99.77777778,
236,103,105,108,92,105,110,85,112,101,21.54,F,WH,4,103,102.3333333,
237,87,102,111,102,94,96,112,92,100,21.7,M,HI,1,99,99.55555556,
238,96,86,77,81,83,82,88,85,85,21.7,M,HI,4,83,84.77777778,
239,114,92,114,108,108,112,77,101,117,21.77,F,BL,4,108,104.7777778,
240,103,100,119,114,84,88,88,100,77,21.87,M,WH,4,109,97,
241,107,100,92,111,121,131,117,134,115,21.93,F,WH,4,103,114.2222222,
242,127,113,133,122,132,137,156,147,118,21.95,M,HI,4,130,131.6666667,
243,118,102,125,124,132,123,112,128,121,21.97,F,WH,4,120,120.5555556,
244,103,121,131,120,119,119,117,121,113,21.98,M,WH,4,121,118.2222222,
245,95,92,100,102,93,96,88,93,97,22,M,WH,3,96,95.11111111,
246,112,102,100,100,107,108,115,108,104,22.03,F,WH,3,105,106.2222222,
247,85,79,92,84,100,114,88,96,115,22.03,F,BL,1,80,94.77777778,
248,120,117,136,129,123,125,130,130,113,22.08,F,AS,5,132,124.7777778,
249,78,82,83,89,100,84,80,95,91,22.09,F,HI,3,79,86.88888889,
250,89,98,97,129,87,93,103,92,91,22.1,F,BL,4,102,97.66666667,
251,107,109,108,135,103,104,109,107,98,22.1,M,AS,4,117,108.8888889,
252,70,79,71,97,72,76,67,73,81,22.23,F,HI,4,74,76.22222222,
253,108,96,111,97,102,107,112,95,112,22.28,M,WH,4,104,104.4444444,
254,68,69,77,102,73,70,63,67,82,22.35,F,WH,2,73,74.55555556,
255,89,84,86,68,89,93,83,84,101,22.37,M,BL,2,79,86.33333333,
256,102,104,102,105,113,114,103,112,112,22.49,M,WH,4,104,107.4444444,
257,81,82,77,76,65,62,70,78,57,22.5,M,HI,1,75,72,
258,91,82,97,79,93,93,73,85,102,22.54,F,HI,4,84,88.33333333,
259,93,105,102,102,113,108,109,110,109,22.6,F,WH,4,100,105.6666667,
260,87,73,69,86,75,70,73,73,80,22.66,F,WH,2,75,76.22222222,
261,108,107,95,102,94,104,109,105,93,22.74,M,BL,3,105,101.8888889,
262,105,109,131,120,107,107,85,103,109,22.78,F,WH,5,117,108.4444444,
263,91,111,108,86,107,112,97,110,105,22.83,M,WH,3,99,103,
264,108,109,105,120,107,106,112,108,101,22.89,F,WH,4,112,108.4444444,
265,95,96,119,117,94,112,112,113,93,22.96,M,OT,3,105,105.6666667,
266,87,102,100,100,100,96,130,100,97,23.04,F,HI,4,96,101.3333333,
267,120,119,108,97,123,108,126,119,109,23.12,M,WH,5,115,114.3333333,
268,83,107,105,114,96,96,117,105,88,23.13,M,BL,5,101,101.2222222,
269,102,102,92,76,81,81,80,89,78,23.31,M,WH,2,93,86.77777778,
270,102,109,97,102,86,92,100,89,91,23.38,M,WH,3,104,96.44444444,
271,81,98,83,81,93,92,60,89,97,23.41,F,BL,3,83,86,
272,95,71,77,81,94,88,85,100,85,23.53,F,BL,3,77,86.22222222,
273,78,75,92,97,84,100,103,95,91,23.55,M,BL,3,80,90.55555556,
274,68,77,80,76,73,67,67,76,72,23.55,F,BL,2,70,72.88888889,
275,107,94,100,102,100,98,91,92,105,23.67,M,WH,5,101,98.77777778,
276,118,111,117,124,115,125,123,130,107,23.74,M,WH,5,121,118.8888889,
277,103,96,108,94,58,62,70,69,58,23.74,M,WH,4,100,79.77777778,
278,93,90,92,120,81,86,88,85,87,23.77,F,WH,4,96,91.33333333,
279,102,102,117,135,109,108,88,105,110,23.81,F,AS,4,114,108.4444444,
280,96,127,108,111,107,125,97,132,98,23.83,F,WH,5,112,111.2222222,
281,105,104,117,129,127,110,120,107,124,23.84,F,WH,5,115,115.8888889,
282,89,104,97,89,102,114,91,107,105,23.97,F,WH,3,94,99.77777778,
283,103,98,105,122,94,93,112,98,91,24.01,F,WH,4,107,101.7777778,
284,85,94,100,97,100,92,80,93,98,24.06,F,WH,3,92,93.22222222,
285,112,123,111,89,119,116,106,110,120,24.1,M,WH,3,112,111.7777778,
286,102,121,114,111,102,102,109,107,95,24.14,F,WH,3,114,107,
287,112,105,119,117,100,106,103,105,98,24.33,F,HI,5,115,107.2222222,
288,96,100,95,111,94,93,100,96,93,24.4,F,HI,3,100,97.55555556,
289,102,94,100,122,117,118,106,113,117,24.43,F,WH,3,104,109.8888889,
290,103,81,95,92,81,90,80,85,90,24.5,F,WH,4,91,88.55555556,
291,125,113,111,100,89,81,103,76,98,24.5,M,WH,4,116,99.55555556,
292,122,117,114,102,100,107,109,98,107,24.58,M,AS,5,118,108.4444444,
293,98,100,100,114,105,96,106,101,100,24.61,F,WH,4,102,102.2222222,
294,96,107,108,89,94,104,112,103,95,24.8,M,HI,3,100,100.8888889,
295,81,94,83,94,93,102,88,104,91,24.95,F,HI,2,85,92.22222222,
296,98,88,108,105,94,88,94,100,85,24.95,F,HI,4,98,95.55555556,
297,120,121,119,102,123,108,112,110,117,24.96,F,HI,5,121,114.6666667,
298,102,105,114,114,107,106,117,108,101,24.96,M,WH,3,109,108.2222222,
299,98,94,100,92,109,118,100,121,104,24.98,M,BL,4,95,104,
300,116,86,105,81,103,86,91,84,107,24.99,F,WH,5,98,95.44444444,
301,74,81,71,74,77,81,67,80,84,25.02,M,HI,2,71,76.55555556,
302,78,79,77,89,96,92,80,87,101,25.05,F,HI,2,76,86.55555556,
303,100,117,128,97,108,98,103,101,104,25.05,F,WH,4,112,106.2222222,
304,81,92,71,94,80,78,88,84,80,25.06,F,HI,3,82,83.11111111,
305,118,121,77,114,105,96,94,100,101,25.13,F,WH,3,112,102.8888889,
306,107,115,125,122,109,126,100,107,124,25.13,F,HI,4,120,115,
307,114,104,97,86,111,112,100,107,113,25.19,F,WH,4,102,104.8888889,
308,96,111,114,102,105,106,97,107,101,25.23,M,WH,4,106,104.3333333,
309,118,113,117,111,129,131,109,121,133,25.23,F,WH,4,118,120.2222222,
310,114,123,100,94,129,123,120,121,124,25.24,F,WH,5,112,116.4444444,
311,95,92,97,92,91,90,88,89,94,25.24,F,WH,5,92,92,
312,102,117,100,92,89,81,100,89,85,25.32,M,WH,5,104,95,
313,122,125,119,117,119,123,126,119,118,25.39,M,AS,4,127,120.8888889,
314,98,94,97,81,102,110,85,113,97,25.46,F,BL,4,92,97.44444444,
315,98,100,105,105,119,119,103,119,115,25.49,M,WH,4,102,109.2222222,
316,93,104,92,89,103,106,109,110,97,25.55,F,WH,4,94,100.3333333,
317,107,121,108,94,133,130,130,136,123,25.57,M,HI,2,110,120.2222222,
318,134,117,102,105,111,116,103,107,117,25.79,F,WH,5,120,112.4444444,
319,87,86,80,97,102,106,83,105,100,25.83,F,OT,3,84,94,
320,91,131,102,117,108,98,112,123,85,25.84,M,WH,3,112,107.4444444,
321,87,100,97,102,93,92,94,103,84,25.86,M,BL,4,95,94.66666667,
322,130,111,125,124,108,106,115,101,110,25.89,F,WH,3,128,114.4444444,
323,100,125,105,94,111,121,123,126,104,25.91,M,WH,3,108,112.1111111,
324,108,105,89,84,96,82,63,82,100,25.97,F,WH,2,98,89.88888889,
325,87,84,95,94,87,93,97,82,101,26.03,F,HI,3,86,91.11111111,
326,105,109,80,92,81,76,91,82,81,26.05,M,HI,2,98,88.55555556,
327,114,119,114,111,132,133,115,134,126,26.14,F,WH,5,118,122,
328,112,105,114,89,121,126,112,128,115,26.17,F,HI,5,107,113.5555556,
329,107,92,92,120,98,102,103,100,100,26.2,F,HI,5,102,101.5555556,
330,98,98,71,81,93,88,100,108,75,26.29,M,HI,3,86,90.22222222,
331,76,65,77,76,73,81,63,69,90,26.35,F,BL,4,68,74.44444444,
332,72,84,89,97,86,81,91,84,88,26.38,F,HI,2,80,85.77777778,
333,108,107,119,111,115,106,117,101,117,26.39,M,WH,4,113,111.2222222,
334,102,115,114,108,109,119,97,123,104,26.47,M,WH,4,111,110.1111111,
335,96,109,97,105,100,88,85,87,101,26.47,F,WH,5,102,96.44444444,
336,112,115,122,111,117,128,117,128,113,26.49,M,WH,5,118,118.1111111,
337,87,111,80,105,113,106,80,115,101,26.55,F,WH,3,96,99.77777778,
338,100,104,86,97,78,78,106,93,67,26.64,F,WH,4,97,89.88888889,
339,105,109,122,114,102,106,120,107,98,26.69,F,AS,5,114,109.2222222,
340,102,109,102,97,98,94,115,95,98,26.73,F,BL,3,104,101.1111111,
341,134,117,100,92,103,102,94,103,101,26.77,M,WH,4,115,105.1111111,
342,132,123,114,105,93,94,100,87,101,26.98,M,WH,5,125,105.4444444,
343,120,115,108,111,109,130,117,126,110,27.08,M,WH,4,117,116.2222222,
344,85,86,86,111,86,93,94,85,97,27.18,F,HI,4,89,91.44444444,
345,78,109,86,92,109,104,97,117,95,27.21,M,HI,3,89,98.55555556,
346,61,82,74,89,67,69,91,87,53,27.26,M,HI,3,72,74.77777778,
347,107,71,97,79,81,67,80,81,75,27.27,M,BL,5,86,82,
348,87,92,83,100,91,78,63,89,84,27.32,M,BL,3,88,85.22222222,
349,127,117,117,108,115,125,109,123,113,27.45,M,WH,5,122,117.1111111,
350,102,98,92,86,115,118,97,105,123,27.46,M,WH,4,94,104,
351,107,107,117,100,98,86,120,89,97,27.52,M,WH,5,109,102.3333333,
352,108,131,133,102,100,102,123,98,102,27.55,M,WH,4,124,111,
353,83,86,97,92,121,110,94,112,115,27.59,F,BL,4,86,101.1111111,
354,134,123,128,114,127,131,123,128,124,27.65,M,WH,5,132,125.7777778,
355,81,79,80,74,75,70,80,80,74,27.73,F,BL,1,74,77,
356,125,111,133,127,103,108,106,103,107,27.74,F,AS,5,130,113.6666667,
357,108,113,102,111,115,125,117,108,126,27.82,F,WH,4,111,113.8888889,
358,103,111,95,120,100,96,103,93,102,27.84,F,WH,3,108,102.5555556,
359,96,94,111,105,80,72,85,76,82,27.84,F,WH,4,100,89,
360,108,107,122,127,123,123,117,110,130,27.93,M,HI,4,118,118.5555556,
361,81,92,105,114,96,88,94,112,75,27.98,M,HI,3,95,95.22222222,
362,110,105,114,105,107,106,115,98,112,28.02,F,WH,5,110,108,
363,112,107,100,132,105,107,103,117,94,28.05,F,WH,5,115,108.5555556,
364,125,125,133,129,109,112,112,108,110,28.1,F,WH,5,136,118.1111111,
365,98,65,74,59,69,66,67,76,65,28.16,M,OT,4,71,71,
366,105,94,105,81,87,96,80,90,95,28.21,M,WH,3,96,92.55555556,
367,114,90,114,100,87,90,94,81,100,28.24,M,HI,5,105,96.66666667,
368,114,94,92,105,117,126,88,115,123,28.32,M,WH,3,102,108.2222222,
369,87,92,74,79,60,62,73,74,55,28.53,M,HI,3,80,72.88888889,
370,83,81,100,76,77,78,85,84,77,28.68,M,BL,2,80,82.33333333,
371,83,104,92,114,105,94,103,98,101,28.71,F,WH,1,96,99.33333333,
372,103,102,89,68,87,93,80,78,105,28.76,M,WH,3,91,89.44444444,
373,122,127,119,92,117,118,126,117,113,28.77,M,WH,5,121,116.7777778,
374,85,86,86,108,80,84,85,89,80,28.78,F,WH,3,88,87,
375,102,104,95,108,94,88,97,107,78,28.79,F,WH,4,102,97,
376,93,81,86,89,83,82,91,86,84,28.9,F,HI,4,84,86.11111111,
377,85,90,86,81,107,119,106,117,105,29.12,M,HI,2,82,99.55555556,
378,98,100,95,94,109,114,117,115,105,29.13,M,WH,4,96,105.2222222,
379,105,82,114,105,103,80,115,98,87,29.17,M,BL,3,100,98.77777778,
380,87,109,108,102,102,104,106,103,101,29.17,M,WH,3,101,102.4444444,
381,118,111,105,137,129,108,120,105,126,29.23,F,BL,5,122,117.6666667,
382,116,121,111,111,121,123,123,125,115,29.24,F,AS,5,119,118.4444444,
383,96,84,86,86,56,56,63,67,51,29.24,M,BL,1,86,71.66666667,
384,107,92,105,111,100,100,94,95,104,29.31,M,WH,5,104,100.8888889,
385,125,84,122,89,102,116,109,89,126,29.32,F,WH,5,106,106.8888889,
386,112,100,111,114,136,130,126,128,133,29.32,F,WH,5,110,121.1111111,
387,116,113,105,105,107,110,112,119,97,29.33,M,HI,3,113,109.3333333,
388,76,75,80,97,84,81,88,80,91,29.35,F,WH,3,77,83.55555556,
389,70,90,89,84,93,96,83,95,95,29.35,M,WH,3,79,88.33333333,
390,85,94,77,111,96,88,94,86,100,29.35,F,WH,3,89,92.33333333,
391,100,111,95,100,84,93,109,100,81,29.37,M,WH,3,102,97,
392,130,111,119,105,125,121,112,125,117,29.4,M,WH,5,121,118.3333333,
393,138,113,114,92,119,131,136,123,123,29.5,M,WH,5,119,121,
394,114,86,95,76,109,119,91,117,109,29.54,F,WH,5,93,101.7777778,
395,68,92,80,102,56,61,67,63,60,29.57,M,HI,1,81,72.11111111,
396,98,105,111,102,98,96,115,110,85,29.59,F,WH,4,104,102.2222222,
397,76,84,95,94,93,92,88,87,98,29.62,F,HI,3,82,89.66666667,
398,70,75,80,86,65,67,70,74,65,29.79,F,BL,2,72,72.44444444,
399,110,107,117,102,105,112,112,115,100,29.84,M,WH,5,111,108.8888889,
400,89,104,97,105,96,100,97,92,104,29.94,F,WH,3,98,98.22222222,
401,100,102,77,84,81,67,94,87,67,30.06,M,BL,2,91,84.33333333,
402,112,117,105,124,115,114,103,100,126,30.07,F,WH,3,118,112.8888889,
403,127,117,125,94,121,112,123,113,115,30.14,F,WH,5,121,116.3333333,
404,96,100,111,111,103,107,91,107,101,30.17,M,WH,3,104,103,
405,70,58,69,84,72,81,73,74,84,30.18,F,BL,4,64,73.88888889,
406,103,115,80,89,111,114,100,119,104,30.18,M,HI,4,99,103.8888889,
407,118,115,125,120,125,119,106,110,128,30.2,M,HI,4,124,118.4444444,
408,91,98,95,97,103,102,97,96,107,30.21,F,BL,3,94,98.44444444,
409,103,94,102,74,109,107,100,110,104,30.22,M,HI,4,93,100.3333333,
410,112,127,117,102,98,90,109,117,74,30.25,M,WH,4,119,105.1111111,
411,122,94,122,111,100,100,103,104,95,30.3,F,BL,3,114,105.6666667,
412,78,96,89,114,81,72,106,95,64,30.3,F,OT,2,91,88.33333333,
413,108,111,108,114,103,100,112,100,102,30.31,M,WH,3,112,106.4444444,
414,120,127,122,129,125,116,133,117,118,30.37,M,WH,5,132,123,
415,114,98,89,102,100,106,130,82,123,30.37,M,WH,3,102,104.8888889,
416,105,111,100,92,87,86,112,95,82,30.43,M,WH,4,104,96.66666667,
417,110,121,119,132,105,102,115,93,112,30.48,F,WH,5,126,112.1111111,
418,63,82,77,74,91,96,83,100,90,30.56,M,HI,1,70,84,
419,96,81,74,89,78,76,80,80,81,30.56,F,BL,3,82,81.66666667,
420,83,90,100,79,98,98,80,89,107,30.61,F,BL,4,84,91.55555556,
421,105,109,95,127,109,116,117,112,110,30.7,F,HI,5,110,111.1111111,
422,110,107,111,120,115,107,133,110,109,30.72,M,WH,5,114,113.5555556,
423,91,96,86,84,94,98,103,87,105,30.77,F,BL,2,87,93.77777778,
424,80,98,102,117,84,84,97,92,81,30.84,F,HI,4,96,92.77777778,
425,98,104,97,108,113,107,100,110,107,30.92,M,WH,4,102,104.8888889,
426,108,107,131,132,98,96,117,98,97,30.94,M,WH,4,122,109.3333333,
427,96,104,117,114,91,96,112,100,90,30.97,M,WH,3,107,102.2222222,
428,107,125,111,124,107,106,120,98,112,31.02,M,AS,5,121,112.2222222,
429,114,109,119,97,105,102,123,108,97,31.02,M,WH,5,112,108.2222222,
430,93,94,122,105,109,112,94,107,112,31.06,F,WH,5,102,105.3333333,
431,98,104,92,105,111,107,97,107,109,31.08,F,HI,3,100,103.3333333,
432,110,127,128,140,125,116,120,123,113,31.16,F,HI,5,133,122.4444444,
433,102,88,102,102,91,106,94,92,104,31.43,M,WH,5,98,97.88888889,
434,105,105,95,105,121,116,103,117,115,31.52,F,WH,5,104,109.1111111,
435,78,81,80,97,84,88,83,82,94,31.62,F,HI,3,79,85.22222222,
436,105,96,108,86,98,98,85,101,95,31.66,M,AS,5,99,96.88888889,
437,110,90,97,127,89,94,80,105,81,31.68,F,BL,5,106,97,
438,100,107,100,102,117,123,115,117,118,31.73,M,HI,3,103,111,
439,93,113,97,97,107,96,115,121,84,31.73,M,WH,3,100,102.5555556,
440,80,88,95,102,93,81,97,82,95,31.85,F,HI,4,87,90.33333333,
441,98,98,95,92,87,88,103,98,81,31.86,M,HI,3,95,93.33333333,
442,105,109,89,105,93,102,97,105,90,31.89,M,BL,5,104,99.44444444,
443,103,79,89,84,83,92,80,84,94,31.93,F,WH,3,86,87.55555556,
444,110,123,125,137,102,102,112,119,85,31.96,M,AS,5,130,112.7777778,
445,87,81,86,108,103,108,100,101,109,31.97,F,HI,5,86,98.11111111,
446,87,84,114,84,103,107,100,84,126,31.97,M,WH,3,89,98.77777778,
447,112,104,111,122,108,110,100,103,113,32.07,F,BL,5,114,109.2222222,
448,103,98,122,122,111,106,117,103,112,32.14,M,BL,5,111,110.4444444,
449,110,117,102,111,100,94,112,104,91,32.25,M,OT,3,113,104.5555556,
450,96,107,92,84,75,88,80,80,88,32.26,M,HI,2,95,87.77777778,
451,98,88,97,100,98,94,109,90,102,32.26,F,BL,4,94,97.33333333,
452,120,121,108,111,121,123,130,123,117,32.49,F,AS,5,120,119.3333333,
453,105,125,111,102,119,119,120,119,115,32.52,F,WH,4,114,115,
454,127,109,119,94,125,121,112,117,123,32.62,M,WH,4,116,116.3333333,
455,85,79,95,100,78,84,80,86,81,32.65,F,BL,3,85,85.33333333,
456,91,107,95,94,109,114,100,117,104,32.68,F,WH,1,96,103.4444444,
457,96,102,89,94,103,94,88,96,101,32.68,M,OT,5,95,95.88888889,
458,110,90,105,100,105,107,94,100,110,32.73,F,WH,5,102,102.3333333,
459,85,71,83,79,81,81,73,76,91,32.73,M,BL,2,75,80,
460,110,96,122,100,91,93,112,78,109,32.89,M,WH,2,108,101.2222222,
461,78,86,86,100,72,88,85,93,70,32.91,F,OT,1,83,84.22222222,
462,98,94,102,74,78,84,83,84,84,32.91,M,WH,4,91,86.77777778,
463,68,105,108,108,109,110,97,115,102,33.07,F,WH,2,94,102.4444444,
464,112,92,83,100,98,104,91,107,94,33.08,F,WH,4,98,97.88888889,
465,102,94,105,102,111,94,97,92,113,33.13,F,AS,3,100,101.1111111,
466,95,102,114,111,117,126,109,110,128,33.22,F,WH,3,104,112.4444444,
467,96,94,100,114,93,94,80,93,95,33.28,F,WH,4,100,95.44444444,
468,93,111,108,135,117,114,115,115,112,33.32,F,HI,5,112,113.3333333,
469,125,117,105,100,98,104,115,112,90,33.33,F,WH,5,116,107.3333333,
470,110,94,105,94,102,81,100,74,110,33.35,M,WH,3,102,96.66666667,
471,91,82,89,89,86,86,94,84,93,33.46,F,BL,4,84,88.22222222,
472,105,109,122,100,115,116,130,103,124,33.53,F,WH,4,110,113.7777778,
473,120,117,122,120,108,110,115,108,107,33.55,M,WH,5,125,114.1111111,
474,110,107,122,100,113,110,91,115,105,33.56,M,WH,4,112,108.1111111,
475,74,104,102,111,84,86,97,104,70,33.56,M,WH,3,95,92.44444444,
476,102,105,92,84,103,93,103,93,102,33.56,M,WH,4,96,97.44444444,
477,87,82,102,108,87,90,88,87,93,33.62,F,OT,2,92,91.55555556,
478,122,117,119,132,121,137,126,130,123,33.77,M,WH,5,129,125.2222222,
479,78,63,71,71,72,74,70,62,88,33.9,F,BL,3,65,72.11111111,
480,107,119,108,132,127,125,123,121,124,34,M,WH,5,120,120.6666667,
481,103,119,86,108,96,88,115,107,80,34.04,M,BL,5,106,100.2222222,
482,100,105,119,100,123,116,109,119,115,34.04,M,WH,4,106,111.7777778,
483,87,84,92,89,80,88,85,81,91,34.1,M,BL,3,84,86.33333333,
484,127,140,128,117,129,128,115,123,128,34.19,F,WH,5,137,126.1111111,
485,95,90,92,92,89,76,94,80,91,34.3,F,WH,5,90,88.77777778,
486,91,98,100,84,87,88,106,93,85,34.31,M,WH,3,92,92.44444444,
487,114,115,102,120,111,118,109,123,104,34.35,F,HI,5,116,112.8888889,
488,108,107,100,105,109,104,109,100,112,34.35,M,WH,3,107,106,
489,91,107,102,89,103,94,88,104,94,34.36,F,WH,4,97,96.88888889,
490,70,71,80,86,67,70,63,71,74,34.38,F,BL,4,71,72.44444444,
491,110,117,105,122,89,96,100,96,91,34.43,M,WH,3,117,102.8888889,
492,89,100,111,102,100,102,85,103,98,34.44,F,BL,4,99,98.88888889,
493,107,100,95,122,98,88,109,92,95,34.48,F,WH,5,106,100.6666667,
494,110,127,114,97,113,102,120,105,107,34.57,M,WH,5,116,110.5555556,
495,102,117,95,105,105,98,103,98,104,34.6,F,WH,3,106,103,
496,118,107,95,94,107,100,109,104,101,34.66,M,HI,5,106,103.8888889,
497,95,123,108,114,96,108,100,107,97,34.72,F,HI,3,111,105.3333333,
498,72,86,89,89,84,76,112,90,75,34.83,M,HI,2,79,85.88888889,
499,102,96,102,97,83,86,88,81,93,34.99,F,WH,4,99,92,
500,91,88,83,74,109,123,91,107,121,34.99,M,HI,1,81,98.55555556,
501,91,102,97,100,93,90,103,100,85,35.19,M,WH,4,96,95.66666667,
502,80,81,80,89,86,93,67,82,100,35.24,F,WH,2,78,84.22222222,
503,110,86,108,94,91,104,109,92,102,35.24,M,WH,3,100,99.55555556,
504,107,109,105,100,113,114,106,128,98,35.56,M,WH,4,107,108.8888889,
505,107,104,117,102,123,125,106,132,112,35.89,M,BL,4,108,114.2222222,
506,103,94,108,114,102,90,94,90,101,35.92,M,BL,5,104,99.55555556,
507,66,69,69,86,81,78,80,87,77,35.97,M,BL,3,67,77,
508,107,81,105,79,65,72,83,63,80,36.05,M,WH,4,92,81.66666667,
509,98,111,114,108,105,94,106,121,81,36.14,F,WH,3,108,104.2222222,
510,105,129,128,102,105,106,130,104,104,36.15,M,WH,5,120,112.5555556,
511,91,102,100,108,108,118,103,121,102,36.16,F,HI,5,99,105.8888889,
512,85,96,86,81,98,106,85,121,84,36.35,M,HI,2,84,93.55555556,
513,96,107,108,108,91,96,103,100,90,36.57,F,WH,5,105,99.88888889,
514,102,81,89,81,98,104,85,98,102,36.62,M,BL,3,86,93.33333333,
515,81,96,95,84,108,96,100,100,104,36.72,F,BL,3,86,96,
516,110,104,100,111,108,100,100,98,109,36.72,M,BL,3,108,104.4444444,
517,72,75,80,97,105,108,88,100,112,36.91,M,HI,1,75,93,
518,98,115,83,108,91,84,100,98,81,37,F,WH,5,102,95.33333333,
519,83,96,100,102,115,121,109,121,112,37.05,F,WH,3,93,106.5555556,
520,112,107,92,84,123,116,94,101,133,37.16,F,WH,5,101,106.8888889,
521,100,100,145,120,107,96,140,105,97,37.19,M,HI,5,115,112.2222222,
522,89,75,100,102,84,86,103,80,95,37.26,F,WH,3,87,90.44444444,
523,83,98,100,86,105,114,112,108,107,37.34,F,HI,3,89,101.4444444,
524,96,115,97,94,113,119,123,136,97,37.39,F,WH,4,102,110,
525,105,121,100,129,115,106,100,108,109,37.65,F,WH,5,117,110.3333333,
526,95,84,89,108,86,86,97,87,88,37.66,M,HI,3,92,91.11111111,
527,85,90,100,102,100,84,115,110,77,37.78,F,WH,3,92,95.88888889,
528,96,90,86,97,67,74,94,69,78,37.92,F,BL,2,91,83.44444444,
529,96,96,102,108,107,106,109,98,112,38.04,F,BL,4,100,103.7777778,
530,105,86,108,71,93,93,106,90,97,38.05,M,BL,3,92,94.33333333,
531,100,92,102,127,117,119,115,105,126,38.09,F,WH,5,104,111.4444444,
532,125,123,117,143,121,123,115,128,112,38.19,F,WH,5,134,123,
533,138,111,128,100,119,114,117,104,124,38.27,F,BL,5,125,117.2222222,
534,96,98,102,100,130,135,120,139,121,38.3,M,BL,3,98,115.6666667,
535,112,127,131,137,127,125,109,121,124,38.31,F,WH,4,133,123.6666667,
536,96,90,100,120,103,112,106,104,109,38.48,F,HI,4,100,104.4444444,
537,107,111,102,105,123,119,112,108,128,38.59,F,WH,3,108,112.7777778,
538,105,109,108,92,103,93,109,98,98,38.63,M,WH,5,105,101.6666667,
539,105,107,114,124,117,110,109,104,120,38.7,F,WH,5,114,112.2222222,
540,102,88,111,97,80,92,70,63,109,38.8,F,WH,3,98,90.22222222,
541,95,107,117,105,125,121,106,121,120,38.83,F,WH,4,106,113,
542,105,109,77,92,94,94,83,93,97,38.96,F,HI,4,98,93.77777778,
543,96,88,111,105,94,102,88,92,104,38.97,F,BL,4,98,97.77777778,
544,95,90,108,92,94,90,100,90,95,39.14,M,HI,4,94,94.88888889,
545,95,90,86,92,93,94,91,105,84,39.15,M,WH,3,89,92.22222222,
546,149,119,139,105,123,112,100,115,115,39.32,M,WH,5,136,119.6666667,
547,89,90,86,92,96,96,100,100,94,39.35,F,WH,2,86,93.66666667,
548,95,96,100,132,96,93,91,98,93,39.37,F,WH,5,104,99.33333333,
549,114,88,114,94,102,104,85,89,115,39.39,M,WH,5,103,100.5555556,
550,96,98,100,111,84,80,88,74,94,39.44,F,WH,3,100,91.66666667,
551,114,90,119,92,123,119,120,112,124,39.74,F,WH,4,104,112.5555556,
552,112,121,111,105,136,128,112,126,133,39.88,F,WH,5,116,120.4444444,
553,63,79,83,89,80,82,83,93,74,39.97,F,WH,1,73,80.66666667,
554,110,90,97,86,117,116,85,119,110,40.02,F,WH,5,96,103.3333333,
555,93,88,95,92,81,88,103,93,80,40.09,F,BL,4,89,90.33333333,
556,100,119,108,108,109,106,103,92,121,40.26,M,WH,3,110,107.3333333,
557,70,79,89,79,86,80,83,85,85,40.35,M,WH,1,74,81.77777778,
558,91,92,102,111,113,94,123,112,95,40.39,M,HI,4,97,103.6666667,
559,93,94,97,122,108,123,115,110,117,40.42,M,WH,3,100,108.7777778,
560,100,82,89,114,93,86,85,82,100,40.53,F,BL,5,94,92.33333333,
561,95,117,89,111,107,118,103,107,113,40.63,M,WH,3,104,106.6666667,
562,114,117,119,117,105,93,115,101,97,40.71,M,WH,5,121,108.6666667,
563,107,123,86,100,96,86,123,98,87,40.73,F,WH,4,107,100.6666667,
564,74,92,86,102,84,78,103,93,74,41.03,F,WH,3,84,87.33333333,
565,85,82,95,84,77,82,73,74,90,41.06,M,WH,3,82,82.44444444,
566,100,96,95,108,75,82,100,85,78,41.35,M,HI,2,99,91,
567,103,98,102,89,113,107,97,103,115,41.44,M,HI,5,98,103,
568,96,107,102,117,91,93,106,90,95,41.45,F,BL,5,106,99.66666667,
569,125,138,139,108,132,141,130,139,128,41.47,M,HI,4,136,131.1111111,
570,93,92,97,135,105,96,106,101,100,41.51,F,BL,4,102,102.7777778,
571,80,105,97,108,98,90,106,107,82,41.52,F,WH,2,96,97,
572,96,105,95,92,96,102,91,96,101,41.53,F,BL,4,97,97.11111111,
573,100,104,114,89,108,116,106,112,109,41.55,M,WH,5,102,106.4444444,
574,93,102,100,100,119,116,97,104,126,41.63,F,WH,3,98,106.3333333,
575,105,92,95,122,129,133,126,134,123,42.2,M,WH,3,103,117.6666667,
576,87,105,83,100,102,100,85,107,94,42.26,M,WH,2,93,95.88888889,
577,93,111,119,108,105,100,112,113,91,42.44,F,OT,3,108,105.7777778,
578,98,96,83,86,98,107,83,125,82,42.54,M,HI,3,90,95.33333333,
579,105,98,100,89,94,104,97,108,90,42.77,M,WH,5,98,98.33333333,
580,85,96,97,100,96,93,100,92,98,42.8,M,BL,4,92,95.22222222,
581,85,82,86,71,69,76,70,71,80,42.85,M,WH,2,77,76.66666667,
582,96,109,100,100,102,96,120,103,95,42.9,F,WH,4,102,102.3333333,
583,95,105,74,84,81,78,91,74,90,42.99,F,OT,3,89,85.77777778,
584,108,115,133,122,123,125,120,119,123,43.01,M,WH,5,123,120.8888889,
585,112,107,114,127,119,119,123,113,120,43.03,M,BL,5,117,117.1111111,
586,89,98,97,102,103,114,109,107,107,43.16,F,BL,5,95,102.8888889,
587,93,92,97,100,78,92,77,81,93,43.4,M,BL,4,94,89.22222222,
588,95,77,97,84,111,90,85,93,107,43.43,M,BL,3,84,93.22222222,
589,91,92,100,100,98,96,115,113,82,43.53,F,HI,3,94,98.55555556,
590,80,92,89,86,89,93,112,89,95,43.65,M,HI,3,83,91.66666667,
591,100,100,92,86,103,110,97,104,107,43.7,F,WH,4,94,99.88888889,
592,112,73,100,79,81,88,73,80,94,43.99,M,BL,4,89,86.66666667,
593,118,113,97,97,113,119,109,113,115,43.99,M,WH,5,110,110.4444444,
594,96,123,111,102,98,106,109,121,84,44.08,M,WH,4,110,105.5555556,
595,98,100,102,108,87,92,97,90,91,44.11,M,BL,5,102,96.11111111,
596,63,69,71,71,63,69,56,85,53,44.37,F,BL,1,63,66.66666667,
597,125,117,111,117,105,119,103,103,118,44.48,F,WH,5,122,113.1111111,
598,96,92,97,94,98,98,94,86,110,44.55,F,HI,4,94,96.11111111,
599,80,121,95,81,89,93,106,104,81,44.93,M,HI,5,94,94.44444444,
600,93,115,83,102,98,114,103,113,97,44.99,M,BL,4,99,102,
601,93,88,100,100,87,86,83,93,84,45.17,F,BL,4,93,90.44444444,
602,96,98,95,124,91,90,103,84,100,45.25,F,WH,3,102,97.88888889,
603,112,90,122,117,98,93,115,92,100,45.37,M,AS,5,110,104.3333333,
604,81,102,95,102,81,92,100,82,94,45.44,F,HI,3,93,92.11111111,
605,110,113,111,120,109,106,115,112,101,45.45,F,WH,5,116,110.7777778,
606,70,71,71,81,75,74,73,85,70,45.49,F,HI,1,68,74.44444444,
607,122,105,102,114,127,114,120,126,110,45.54,F,WH,5,114,115.5555556,
608,103,107,97,79,121,121,106,125,113,45.67,M,WH,4,98,108,
609,70,75,83,120,78,82,100,87,78,45.69,F,BL,3,80,85.88888889,
610,102,119,97,108,93,96,85,98,93,45.69,M,WH,3,108,99,
611,134,109,117,120,129,116,117,110,128,45.79,F,WH,5,125,120,
612,110,125,102,135,107,104,123,117,93,46.2,F,WH,5,123,112.8888889,
613,80,67,69,65,77,74,73,76,81,46.2,M,BL,5,65,73.55555556,
614,91,98,125,111,87,92,85,81,101,46.36,F,WH,3,104,96.77777778,
615,87,102,86,120,75,88,94,89,78,46.42,F,OT,3,97,91,
616,110,109,117,114,91,92,103,95,90,46.69,M,BL,5,115,102.3333333,
617,102,109,125,114,119,112,123,108,118,46.77,M,AS,5,113,114.4444444,
618,114,135,111,117,133,135,120,134,130,46.92,F,WH,3,126,125.4444444,
619,80,81,74,79,58,72,85,78,60,47.02,M,BL,3,74,74.11111111,
620,68,82,80,76,80,84,77,87,81,47.04,F,BL,1,72,79.44444444,
621,107,92,97,92,98,108,97,100,105,47.07,M,HI,5,97,99.55555556,
622,100,86,95,108,89,90,100,95,87,47.09,F,WH,3,96,94.44444444,
623,107,102,111,108,125,139,103,132,126,47.3,F,BL,5,108,117,
624,110,98,95,84,123,110,103,112,117,47.46,M,WH,4,98,105.7777778,
625,76,84,86,102,78,86,97,90,78,47.47,F,WH,3,82,86.33333333,
626,122,94,102,97,86,67,117,71,88,47.48,F,WH,5,106,93.77777778,
627,85,90,83,111,93,94,83,95,94,47.58,F,WH,5,89,92,
628,98,123,108,129,125,114,109,112,121,47.7,F,WH,5,117,115.4444444,
629,127,117,108,122,113,102,123,117,97,47.74,F,WH,5,124,114,
630,58,77,77,59,81,81,67,84,84,47.83,M,HI,1,63,74.22222222,
631,102,81,100,79,87,86,77,92,85,47.97,M,BL,4,88,87.66666667,
632,118,94,89,86,86,104,88,96,94,48.03,M,WH,5,98,95,
633,93,84,97,94,84,90,112,100,78,48.14,M,BL,3,89,92.44444444,
634,98,84,97,94,98,92,97,92,98,48.29,F,WH,2,92,94.44444444,
635,103,109,128,86,105,116,103,130,91,48.33,M,WH,4,108,107.8888889,
636,61,77,69,92,87,84,56,87,88,48.5,F,BL,2,70,77.88888889,
637,98,92,86,89,102,90,112,96,95,48.51,M,BL,3,90,95.55555556,
638,85,84,80,94,100,110,85,100,109,48.58,F,WH,5,82,94.11111111,
639,89,117,97,108,108,110,106,108,107,48.77,M,HI,5,103,105.5555556,
640,89,77,89,79,89,94,88,96,90,48.78,F,HI,2,79,87.88888889,
641,108,86,119,102,93,86,83,100,82,48.92,M,WH,5,104,95.44444444,
642,89,100,97,94,103,100,103,98,104,48.97,M,WH,3,94,98.66666667,
643,98,79,89,71,84,80,97,82,87,49.02,F,BL,3,81,85.22222222,
644,96,90,102,94,93,88,91,95,88,49.07,M,BL,5,94,93,
645,93,104,100,120,84,90,88,87,90,49.11,F,WH,4,103,95.11111111,
646,108,129,125,120,123,126,126,132,113,49.39,F,WH,5,126,122.4444444,
647,76,71,69,53,60,61,60,65,62,49.61,M,HI,2,63,64.11111111,
648,118,131,125,124,115,126,126,123,115,49.67,M,WH,5,132,122.5555556,
649,89,100,80,100,98,100,85,100,98,49.81,F,WH,4,91,94.44444444,
650,74,90,86,100,100,104,94,101,101,49.89,F,WH,4,83,94.44444444,
651,103,104,128,102,100,88,117,82,107,49.89,F,WH,5,110,103.4444444,
652,98,107,114,114,84,92,112,96,82,49.99,F,WH,4,108,99.88888889,
653,70,71,74,74,63,72,77,73,70,50.1,M,BL,2,67,71.55555556,
654,83,81,83,97,96,96,94,93,100,50.18,F,BL,4,82,91.44444444,
655,98,81,71,102,86,81,70,87,84,50.32,M,WH,3,86,84.44444444,
656,81,73,80,71,77,72,88,85,70,50.37,F,BL,4,72,77.44444444,
657,70,94,92,124,108,118,80,126,98,50.46,M,AS,1,91,101.1111111,
658,108,115,97,86,96,100,115,93,102,50.88,M,WH,5,104,101.3333333,
659,74,79,80,89,80,78,80,85,78,50.98,M,BL,3,75,80.33333333,
660,70,88,83,74,87,96,80,98,88,51.08,M,HI,3,74,84.88888889,
661,102,104,105,108,119,106,109,121,101,51.21,F,WH,4,105,108.3333333,
662,74,77,74,79,77,84,80,85,81,51.3,M,BL,4,71,79,
663,125,123,114,117,119,114,115,103,126,51.56,M,WH,5,126,117.3333333,
664,102,77,100,86,81,93,88,85,93,51.56,F,WH,4,89,89.44444444,
665,72,77,74,81,80,86,83,87,82,51.63,M,BL,3,71,80.22222222,
666,93,121,125,120,100,93,103,98,95,51.93,M,WH,3,115,105.3333333,
667,87,107,100,111,98,88,80,96,91,52.06,F,WH,3,100,95.33333333,
668,98,84,80,76,89,74,83,87,81,52.16,M,OT,4,82,83.55555556,
669,100,96,83,86,98,94,94,92,101,52.36,M,HI,5,91,93.77777778,
670,102,86,92,100,87,92,94,87,94,52.43,M,BL,5,94,92.66666667,
671,83,81,97,100,98,96,83,98,97,52.48,F,OT,3,86,92.55555556,
672,87,75,95,100,86,82,88,86,87,52.63,F,BL,4,84,87.33333333,
673,103,107,100,111,127,107,117,107,121,52.64,F,WH,3,106,111.1111111,
674,78,75,71,71,84,90,91,85,93,52.7,M,BL,3,70,82,
675,87,73,86,79,91,102,67,87,105,52.82,F,WH,4,77,86.33333333,
676,134,100,100,114,96,104,85,90,109,52.91,M,WH,3,115,103.5555556,
677,91,88,108,81,93,92,91,98,88,52.91,M,BL,4,89,92.22222222,
678,93,105,89,100,109,108,103,113,102,53.06,F,WH,5,96,102.4444444,
679,91,90,97,92,89,82,97,87,88,53.13,F,WH,5,90,90.33333333,
680,107,105,92,76,98,98,88,103,94,53.16,M,WH,4,96,95.66666667,
681,74,73,95,94,72,74,85,74,78,53.32,F,BL,4,78,79.88888889,
682,72,92,95,84,111,112,88,113,107,53.33,F,AS,3,81,97.11111111,
683,96,90,86,102,103,107,112,105,102,53.36,F,WH,4,92,100.3333333,
684,72,75,86,84,81,78,70,76,88,53.44,M,BL,2,74,78.88888889,
685,98,119,133,105,117,106,115,117,102,53.47,M,WH,4,115,112.4444444,
686,93,107,92,100,102,106,88,95,110,53.56,F,WH,3,98,99.22222222,
687,95,88,100,102,91,94,85,87,100,53.67,M,WH,4,94,93.55555556,
688,105,105,105,111,103,94,109,101,97,53.71,M,WH,5,108,103.3333333,
689,120,100,95,117,98,104,100,103,98,53.74,F,OT,4,110,103.8888889,
690,87,69,69,84,77,78,73,78,82,53.81,F,BL,3,73,77.44444444,
691,110,131,95,114,117,112,103,128,100,53.81,M,WH,4,117,112.2222222,
692,95,92,97,81,65,76,85,82,65,53.89,M,WH,3,89,82,
693,72,75,77,71,75,78,73,86,72,53.96,F,HI,3,69,75.44444444,
694,95,86,95,81,83,86,91,86,87,54.19,M,WH,3,86,87.77777778,
695,114,107,117,102,115,106,109,110,107,54.33,F,WH,5,112,109.6666667,
696,112,113,95,102,107,107,94,110,101,54.34,M,HI,4,108,104.5555556,
697,103,96,102,111,109,110,117,113,104,54.35,M,WH,2,103,107.2222222,
698,98,115,83,89,89,76,94,86,84,54.47,M,HI,3,98,90.44444444,
699,112,111,119,100,107,98,117,104,100,54.47,M,WH,3,113,107.5555556,
700,103,81,97,86,87,96,83,87,98,54.83,M,HI,4,90,90.88888889,
701,98,113,95,137,109,114,136,128,95,55.13,F,WH,4,112,113.8888889,
702,91,84,92,97,100,106,91,107,97,55.18,F,HI,3,88,96.11111111,
703,98,105,111,105,96,100,100,103,94,55.27,F,WH,3,105,101.3333333,
704,70,73,86,68,67,70,63,67,77,55.45,F,WH,1,69,71.22222222,
705,74,92,86,94,86,70,77,54,105,55.45,F,HI,2,82,82,
706,93,105,89,117,100,88,100,101,88,55.73,F,WH,4,100,97.88888889,
707,110,125,100,102,108,102,109,110,98,55.73,M,WH,4,113,107.1111111,
708,122,117,114,129,109,93,123,104,98,55.94,F,WH,5,126,112.1111111,
709,118,107,139,122,123,131,120,121,128,56.04,F,WH,5,126,123.2222222,
710,103,121,97,97,100,102,123,107,94,56.18,F,WH,5,107,104.8888889,
711,116,113,102,108,108,107,115,107,105,56.22,M,WH,5,113,109,
712,112,113,111,122,117,131,112,126,118,56.24,F,WH,5,117,118,
713,98,90,92,100,94,92,94,84,104,56.3,F,WH,3,94,94.22222222,
714,120,92,89,97,109,102,97,98,112,56.36,M,WH,4,101,101.7777778,
715,98,96,92,97,96,92,85,95,94,56.53,F,BL,5,95,93.88888889,
716,112,123,108,114,93,112,109,101,102,56.58,F,WH,4,118,108.2222222,
717,114,90,97,100,83,93,91,98,81,56.79,F,HI,5,101,94.11111111,
718,91,65,97,71,86,92,80,63,115,56.87,M,WH,3,76,84.44444444,
719,107,102,105,102,78,82,106,93,72,56.89,M,WH,5,105,94.11111111,
720,110,117,114,108,96,93,94,85,105,56.91,M,WH,4,115,102.4444444,
721,107,125,125,117,135,125,126,132,123,57.04,M,WH,3,122,123.8888889,
722,110,92,117,102,108,94,115,101,101,57.18,M,WH,3,106,104.4444444,
723,105,123,117,102,107,106,115,103,107,57.22,M,WH,5,115,109.4444444,
724,125,107,114,111,127,114,109,112,123,57.23,M,WH,5,117,115.7777778,
725,95,94,100,122,117,100,97,108,105,57.24,M,WH,3,101,104.2222222,
726,136,131,97,117,129,119,117,123,120,57.29,F,WH,5,128,121,
727,83,88,86,89,87,96,106,95,91,57.36,F,WH,3,83,91.22222222,
728,80,88,97,79,75,81,83,87,74,57.47,M,WH,3,82,82.66666667,
729,118,121,111,114,123,106,123,105,118,57.5,F,WH,5,121,115.4444444,
730,70,86,77,76,96,96,70,93,100,57.52,F,HI,1,73,84.88888889,
731,78,86,80,89,91,90,73,96,87,57.72,F,WH,1,79,85.55555556,
732,114,105,97,97,109,110,103,95,123,57.78,F,WH,5,106,105.8888889,
733,108,84,92,114,103,107,77,98,110,57.82,F,HI,4,99,99.22222222,
734,83,107,89,100,86,86,106,93,82,57.83,F,WH,3,94,92.44444444,
735,120,86,100,86,77,80,94,93,67,57.84,M,WH,5,99,89.22222222,
736,122,129,108,129,115,112,130,130,97,57.86,M,WH,5,130,119.1111111,
737,96,86,97,71,107,106,73,87,123,57.87,M,HI,5,85,94,
738,108,136,131,122,119,130,123,138,109,58.39,M,WH,5,131,124,
739,76,75,97,84,94,90,77,96,90,58.45,M,WH,2,77,86.55555556,
740,102,104,80,92,93,92,106,103,84,58.56,M,HI,3,95,95.11111111,
741,107,90,86,94,83,80,88,82,85,58.61,M,WH,3,94,88.33333333,
742,95,107,92,100,111,130,109,105,131,58.63,M,HI,1,98,108.8888889,
743,138,129,105,97,102,114,112,125,91,58.7,M,WH,5,125,112.5555556,
744,103,105,111,111,96,93,112,96,94,58.85,M,WH,4,108,102.3333333,
745,96,100,102,97,108,102,100,121,90,59.12,F,WH,2,98,101.7777778,
746,102,102,83,102,105,108,83,104,107,59.23,F,WH,3,98,99.55555556,
747,118,113,119,76,93,100,106,104,90,59.24,M,WH,3,110,102.1111111,
748,95,125,114,127,105,96,109,113,88,59.38,F,WH,3,117,108,
749,89,100,95,100,96,98,103,92,102,59.38,F,WH,3,94,97.22222222,
750,107,100,117,108,100,102,100,103,98,59.56,M,WH,4,108,103.8888889,
751,95,82,92,102,91,100,91,82,110,59.62,F,OT,2,90,93.88888889,
752,83,86,86,94,75,80,85,76,84,59.89,M,WH,3,84,83.22222222,
753,108,92,95,120,94,94,94,100,91,59.91,F,WH,4,104,98.66666667,
754,112,102,100,92,121,100,100,115,102,60.09,M,WH,4,103,104.8888889,
755,98,102,89,94,98,104,109,107,94,60.11,F,WH,4,96,99.44444444,
756,85,71,83,108,70,72,77,73,77,60.12,F,BL,3,82,79.55555556,
757,125,115,114,114,132,137,117,139,124,60.27,F,WH,5,121,124.1111111,
758,81,82,71,94,87,86,88,92,85,60.32,M,WH,2,79,85.11111111,
759,116,129,119,100,108,96,115,105,98,60.43,M,WH,5,121,109.5555556,
760,107,94,95,117,98,88,100,90,97,60.46,F,WH,3,103,98.44444444,
761,102,100,89,86,98,102,85,101,98,60.55,M,WH,4,94,95.66666667,
762,105,90,105,114,111,102,97,103,109,60.6,F,WH,5,103,104,
763,83,79,86,89,81,78,70,86,78,60.68,M,BL,3,80,81.11111111,
764,108,111,89,100,129,106,123,123,107,60.73,M,WH,4,104,110.6666667,
765,103,105,114,100,108,104,109,96,113,60.81,M,WH,5,106,105.7777778,
766,81,96,86,84,81,88,70,90,82,60.88,F,WH,2,84,84.22222222,
767,93,94,111,105,93,100,100,85,109,61.07,F,WH,4,99,98.88888889,
768,80,90,89,81,102,108,88,115,94,61.2,F,BL,3,81,94.11111111,
769,118,107,117,108,115,100,83,86,128,61.27,M,WH,4,115,106.8888889,
770,132,98,125,102,113,116,106,107,118,61.47,M,WH,5,117,113,
771,112,107,102,117,94,78,100,84,93,61.53,M,WH,5,112,98.55555556,
772,93,96,86,89,91,81,109,96,80,61.59,F,BL,3,89,91.22222222,
773,107,109,122,117,91,86,115,96,84,61.71,F,WH,4,115,103,
774,110,105,105,97,93,82,115,92,87,61.88,M,WH,4,106,98.44444444,
775,110,88,117,89,81,81,88,81,87,61.88,M,WH,1,101,91.33333333,
776,112,127,125,100,111,96,100,117,91,62.07,M,WH,3,121,108.7777778,
777,114,107,131,94,107,107,120,108,102,62.09,M,WH,5,114,110,
778,125,117,111,114,132,118,91,121,123,62.11,M,WH,5,121,116.8888889,
779,95,90,97,111,86,81,94,82,90,62.2,F,WH,4,96,91.77777778,
780,93,117,86,122,103,88,109,103,90,62.36,F,WH,3,105,101.2222222,
781,96,121,86,94,100,100,88,105,94,62.54,M,WH,2,101,98.22222222,
782,81,100,77,100,86,69,73,85,77,62.63,M,WH,3,87,83.11111111,
783,78,86,74,102,111,126,112,117,117,62.86,M,HI,1,81,102.5555556,
784,96,104,92,127,125,126,103,119,126,62.93,M,HI,2,104,113.1111111,
785,102,100,100,94,91,82,94,92,85,62.93,F,WH,3,99,93.33333333,
786,105,88,97,97,103,106,88,100,107,63.13,F,WH,3,96,99,
787,95,82,86,71,89,92,85,80,104,63.15,F,BL,4,80,87.11111111,
788,100,92,105,105,119,114,100,103,126,63.25,F,WH,3,100,107.1111111,
789,80,86,95,86,93,90,103,89,95,63.32,M,BL,4,82,90.77777778,
790,102,119,111,114,89,78,94,96,75,64.01,M,WH,3,113,97.55555556,
791,85,98,80,94,109,104,120,117,95,64.16,M,HI,4,87,100.2222222,
792,107,86,92,89,84,86,88,96,78,64.16,M,WH,3,93,89.55555556,
793,112,98,117,102,98,108,109,103,102,64.29,F,AS,5,108,105.4444444,
794,105,119,119,102,103,104,117,100,105,64.41,M,WH,5,114,108.2222222,
795,78,75,69,68,81,78,70,81,84,64.42,F,BL,4,68,76,
796,85,94,89,100,93,84,97,81,100,64.5,F,WH,4,89,91.44444444,
797,102,115,95,120,103,104,94,108,97,64.63,F,HI,4,109,104.2222222,
798,100,104,108,97,113,119,112,123,107,64.65,F,WH,5,102,109.2222222,
799,107,84,89,86,91,108,94,90,109,64.66,M,WH,3,91,95.33333333,
800,74,81,77,97,84,86,83,90,84,64.79,F,HI,3,77,84,
801,103,94,102,108,93,106,97,93,104,65.05,M,WH,3,102,100,
802,102,94,102,108,84,84,103,90,82,65.23,M,WH,4,101,94.33333333,
803,78,90,74,94,91,98,80,85,105,65.26,F,HI,1,80,88.33333333,
804,102,105,111,102,93,100,83,93,100,65.31,M,WH,5,106,98.77777778,
805,76,67,89,86,80,69,97,84,72,65.35,F,BL,3,74,80,
806,127,136,114,114,91,102,106,74,120,65.4,M,WH,5,131,109.3333333,
807,122,121,117,120,117,121,117,100,134,65.42,M,WH,4,126,118.7777778,
808,112,107,114,108,89,81,112,87,87,65.47,F,WH,5,112,99.66666667,
809,100,96,97,94,100,96,88,101,95,65.48,M,WH,3,96,96.33333333,
810,130,102,122,89,113,119,126,125,105,65.5,M,WH,5,113,114.5555556,
811,105,104,97,111,107,114,112,121,98,65.57,F,WH,4,105,107.6666667,
812,108,92,108,100,105,102,109,105,100,65.59,M,BL,5,102,103.2222222,
813,116,96,108,100,113,107,103,93,124,65.61,F,WH,2,106,106.6666667,
814,85,84,77,94,103,106,97,108,98,65.67,F,BL,4,82,94.66666667,
815,87,84,86,105,93,94,83,92,97,65.69,F,HI,1,87,91.22222222,
816,93,100,97,105,98,102,91,92,107,65.7,F,WH,3,98,98.33333333,
817,118,131,122,105,113,108,112,115,104,65.72,M,WH,5,126,114.2222222,
818,107,123,111,100,105,110,100,126,90,65.72,M,WH,3,113,108,
819,91,90,95,94,80,78,85,89,74,65.76,M,BL,3,90,86.22222222,
820,114,121,100,102,103,98,100,113,88,65.84,M,WH,3,113,104.3333333,
821,105,109,100,111,89,102,94,104,88,65.92,F,WH,3,108,100.2222222,
822,78,75,86,74,81,100,73,80,104,65.94,M,BL,3,73,83.44444444,
823,95,98,89,97,98,96,109,90,104,65.94,F,WH,4,94,97.33333333,
824,114,125,117,105,107,110,126,108,105,66.06,M,WH,5,120,113,
825,91,88,97,100,94,82,94,86,94,66.08,F,WH,4,92,91.77777778,
826,100,107,102,100,108,102,130,104,104,66.11,M,WH,3,103,106.3333333,
827,96,92,100,89,96,92,91,98,91,66.25,M,WH,3,93,93.88888889,
828,130,102,111,108,107,98,109,100,104,66.28,F,WH,4,115,107.6666667,
829,78,82,86,86,84,93,103,93,87,66.31,F,AS,4,79,88,
830,105,113,131,114,117,108,112,108,113,66.34,F,WH,3,117,113.4444444,
831,107,104,102,94,103,107,88,107,101,66.48,M,HI,4,103,101.4444444,
832,114,113,122,122,108,102,120,107,101,66.54,F,WH,5,121,112.1111111,
833,103,92,92,74,107,104,83,100,109,66.57,M,WH,4,89,96,
834,114,119,131,108,123,121,120,121,118,66.58,M,WH,4,122,119.4444444,
835,102,105,97,127,96,84,94,100,84,66.61,M,WH,2,108,98.77777778,
836,74,86,83,94,86,92,94,96,84,66.61,F,BL,1,80,87.66666667,
837,91,92,89,84,94,93,85,93,95,66.63,M,HI,5,86,90.66666667,
838,85,84,108,100,96,90,91,78,110,66.7,F,WH,3,91,93.55555556,
839,118,113,102,120,102,94,117,104,93,66.75,M,AS,5,117,107,
840,114,111,111,108,108,107,106,93,120,66.75,F,WH,5,114,108.6666667,
841,96,109,95,100,89,90,103,98,84,66.89,M,WH,4,100,96,
842,83,94,89,94,78,92,91,87,85,66.91,F,WH,1,87,88.11111111,
843,85,96,69,97,93,93,83,95,93,66.92,F,HI,2,84,89.33333333,
844,108,113,122,117,109,110,100,113,104,66.95,F,WH,3,117,110.6666667,
845,102,115,114,114,105,108,103,100,112,66.98,F,WH,3,112,108.1111111,
846,110,107,111,108,115,114,120,113,112,67.14,F,WH,5,111,112.2222222,
847,114,105,102,108,107,116,103,108,110,67.2,F,WH,4,110,108.1111111,
848,100,88,86,84,86,84,80,87,87,67.22,M,WH,4,88,86.88888889,
849,108,111,97,105,109,107,103,105,109,67.23,F,WH,5,108,106,
850,91,111,83,111,119,135,103,119,130,67.24,M,WH,1,99,111.3333333,
851,134,115,100,105,132,121,109,121,126,67.27,F,WH,4,118,118.1111111,
852,80,84,80,89,98,93,70,98,94,67.35,F,WH,2,79,87.33333333,
853,112,125,114,132,119,112,130,112,115,67.37,F,WH,5,126,119,
854,96,90,71,89,87,81,83,74,98,67.5,F,HI,2,85,85.44444444,
855,76,75,77,68,78,84,73,78,90,67.53,M,HI,1,70,77.66666667,
856,93,90,77,71,91,88,83,86,95,67.53,M,HI,2,80,86,
857,102,88,74,89,83,90,88,92,84,67.54,F,WH,4,87,87.77777778,
858,114,119,128,102,115,119,109,113,117,67.54,F,WH,3,120,115.1111111,
859,132,109,117,97,129,108,115,101,131,67.55,F,WH,5,117,115.4444444,
860,100,102,131,100,109,110,97,108,109,67.57,M,WH,3,108,107.3333333,
861,112,100,83,89,119,100,85,98,118,67.66,M,WH,3,98,100.4444444,
862,89,94,95,92,78,76,77,90,69,67.7,F,WH,3,90,84.44444444,
863,108,113,119,117,113,107,112,117,101,67.77,F,WH,3,117,111.8888889,
864,116,138,122,127,138,141,123,149,126,67.84,M,WH,2,134,131.1111111,
865,96,104,117,105,107,100,123,103,102,67.86,F,WH,3,105,106.3333333,
866,102,111,133,120,105,106,123,105,102,67.86,M,WH,4,117,111.8888889,
867,89,102,108,129,107,102,94,96,110,67.92,F,WH,3,106,104.1111111,
868,108,109,108,117,117,125,123,115,121,67.98,F,WH,3,112,115.8888889,
869,134,136,125,117,129,114,117,138,102,68.06,M,WH,4,137,123.5555556,
870,108,98,105,97,102,107,94,105,101,68.17,M,WH,5,103,101.8888889,
871,102,115,95,105,107,106,97,121,91,68.28,M,WH,3,106,104.3333333,
872,114,92,122,114,102,110,103,101,109,68.36,F,WH,4,111,107.4444444,
873,100,100,97,89,93,90,94,96,88,68.37,M,WH,3,96,94.11111111,
874,132,86,108,81,87,86,94,86,91,68.42,M,BL,5,103,94.55555556,
875,85,94,100,108,96,88,88,90,95,68.5,M,WH,3,94,93.77777778,
876,125,115,114,114,103,104,120,98,107,68.52,F,WH,4,121,111.1111111,
877,107,105,111,108,105,108,106,103,109,68.7,F,WH,3,109,106.8888889,
878,100,105,114,108,109,98,123,115,93,68.71,F,WH,3,107,107.2222222,
879,132,121,114,114,108,110,109,98,118,68.85,F,WH,5,126,113.7777778,
880,95,92,95,105,87,108,85,98,98,68.97,F,WH,4,95,95.88888889,
881,95,94,83,111,91,93,91,98,88,68.98,F,WH,3,94,93.77777778,
882,93,104,100,108,86,74,83,87,78,68.99,M,WH,3,100,90.33333333,
883,66,75,77,71,73,74,73,67,85,69.03,F,HI,1,67,73.44444444,
884,98,113,108,124,102,100,106,101,100,69.04,F,WH,3,112,105.7777778,
885,102,90,95,94,89,66,77,76,85,69.05,M,WH,3,94,86,
886,112,104,122,108,93,88,91,87,95,69.11,F,WH,5,113,100,
887,96,100,95,86,91,86,83,85,95,69.14,M,WH,2,94,90.77777778,
888,91,98,95,97,83,84,97,96,75,69.15,F,WH,3,94,90.66666667,
889,112,119,117,120,121,118,120,108,124,69.16,F,HI,5,121,117.6666667,
890,100,90,80,89,83,88,80,98,77,69.17,F,WH,2,89,87.22222222,
891,103,105,97,89,108,112,123,103,115,69.31,F,WH,3,100,106.1111111,
892,83,81,69,81,73,80,77,81,78,69.4,M,HI,3,75,78.11111111,
893,103,113,111,86,87,94,120,98,87,69.46,M,WH,4,105,99.88888889,
894,87,92,92,92,87,86,94,84,94,69.48,F,WH,3,88,89.77777778,
895,108,94,97,111,119,114,103,115,113,69.69,M,WH,2,103,108.2222222,
896,108,115,111,108,121,102,106,113,105,69.79,M,WH,4,113,109.8888889,
897,132,133,122,108,117,96,109,101,110,69.84,M,WH,5,132,114.2222222,
898,80,94,83,74,80,84,77,86,82,69.86,F,HI,1,79,82.22222222,
899,114,111,119,94,123,107,115,113,112,69.94,M,WH,5,112,112,
900,98,96,105,102,91,86,91,87,93,69.96,F,WH,3,100,94.33333333,